Round,Team 1,FT,Team 2
1,Tiburones Rojos Veracruz,0-2,Pumas UNAM
1,Club Atlas,0-0,Querétaro FC
1,Cruz Azul,3-0,Club Puebla
1,CF Pachuca,0-1,CF Monterrey
1,Club Tijuana,02-Jan,CD Guadalajara Chivas
1,Tigres UANL,2-0,Club León
1,Club Necaxa,02-Jan,Club América
1,Santos Laguna,02-Jan,Lobos BUAP
1,Deportivo Toluca FC,2-0,Monarcas Morelia
1,Monarcas Morelia,03-Jan,Santos Laguna
1,Club Puebla,02-Jan,Deportivo Toluca FC
1,CD Guadalajara Chivas,0-1,Cruz Azul
1,Club América,3-0,Club Atlas
1,Querétaro FC,1-0,CF Pachuca
1,Pumas UNAM,05-Mar,Club Necaxa
1,Lobos BUAP,2-0,Tiburones Rojos Veracruz
1,Club León,0-2,CF Monterrey
1,Tigres UANL,1-0,Club Tijuana
1,Club Atlas,0-3,Pumas UNAM
1,Tiburones Rojos Veracruz,02-Feb,Monarcas Morelia
1,Club Necaxa,1-0,Lobos BUAP
1,CF Pachuca,01-Mar,Club América
1,CF Monterrey,02-Jan,Querétaro FC
1,Cruz Azul,1-0,Tigres UANL
1,Deportivo Toluca FC,02-Feb,CD Guadalajara Chivas
1,Santos Laguna,2-0,Club Puebla
1,Club Tijuana,01-Jan,Club León
1,Club Puebla,01-Feb,Tiburones Rojos Veracruz
1,Monarcas Morelia,02-Jan,Club Necaxa
1,Club América,3-0,CF Monterrey
1,Club León,4-0,Querétaro FC
1,Tigres UANL,01-Feb,Deportivo Toluca FC
1,Lobos BUAP,0-0,Club Atlas
1,Pumas UNAM,0-0,CF Pachuca
1,Club Tijuana,01-Jan,Cruz Azul
1,CD Guadalajara Chivas,01-Feb,Santos Laguna
1,Tiburones Rojos Veracruz,0-2,CD Guadalajara Chivas
1,Club Atlas,0-1,Monarcas Morelia
1,CF Pachuca,3-0,Lobos BUAP
1,Cruz Azul,3-0,Club León
1,CF Monterrey,1-0,Pumas UNAM
1,Querétaro FC,01-Jan,Club América
1,Club Necaxa,02-Feb,Club Puebla
1,Santos Laguna,03-Jan,Tigres UANL
1,Deportivo Toluca FC,3-0,Club Tijuana
1,Monarcas Morelia,01-Jan,CF Pachuca
1,Pumas UNAM,0-1,Querétaro FC
1,Club Puebla,2-0,Club Atlas
1,CD Guadalajara Chivas,1-0,Club Necaxa
1,Cruz Azul,1-0,Deportivo Toluca FC
1,Club León,2-0,Club América
1,Tigres UANL,4-0,Tiburones Rojos Veracruz
1,Club Tijuana,02-Feb,Santos Laguna
1,Lobos BUAP,01-Feb,CF Monterrey
1,Club Atlas,0-1,CD Guadalajara Chivas
1,Club América,02-Feb,Pumas UNAM
1,CF Monterrey,02-Feb,Monarcas Morelia
1,Tiburones Rojos Veracruz,1-0,Club Tijuana
1,Club Necaxa,01-Jan,Tigres UANL
1,CF Pachuca,2-0,Club Puebla
1,Querétaro FC,2-0,Lobos BUAP
1,Deportivo Toluca FC,01-Feb,Club León
1,Santos Laguna,01-Jan,Cruz Azul
1,Monarcas Morelia,01-Apr,Querétaro FC
1,Club Puebla,02-Jan,CF Monterrey
1,Club Tijuana,1-0,Club Necaxa
1,Cruz Azul,04-Jan,Tiburones Rojos Veracruz
1,Club León,01-Feb,Pumas UNAM
1,CD Guadalajara Chivas,01-Mar,CF Pachuca
1,Tigres UANL,03-Jan,Club Atlas
1,Deportivo Toluca FC,02-Jan,Santos Laguna
1,Lobos BUAP,0-2,Club América
1,Tiburones Rojos Veracruz,02-Mar,Deportivo Toluca FC
1,CF Pachuca,01-Jan,Tigres UANL
1,Querétaro FC,0-1,Club Puebla
1,Club América,02-Jan,Monarcas Morelia
1,CF Monterrey,02-Apr,CD Guadalajara Chivas
1,Club Necaxa,2-0,Cruz Azul
1,Pumas UNAM,04-Feb,Lobos BUAP
1,Santos Laguna,3-0,Club León
1,Club Atlas,0-1,Club Tijuana
1,Monarcas Morelia,0-0,Pumas UNAM
1,Club Puebla,02-Mar,Club América
1,Deportivo Toluca FC,03-Feb,Club Necaxa
1,Club Tijuana,1-0,CF Pachuca
1,Cruz Azul,2-0,Club Atlas
1,Club León,0-1,Lobos BUAP
1,CD Guadalajara Chivas,01-Jan,Querétaro FC
1,Santos Laguna,01-Jan,Tiburones Rojos Veracruz
1,Tigres UANL,0-0,CF Monterrey
2,Tiburones Rojos Veracruz,0-4,Club León
2,Club Atlas,2-0,Deportivo Toluca FC
2,CF Monterrey,3-0,Club Tijuana
2,CF Pachuca,03-Jan,Cruz Azul
2,Club Necaxa,0-1,Santos Laguna
2,Querétaro FC,0-2,Tigres UANL
2,Pumas UNAM,02-Feb,Club Puebla
2,Club América,01-Jan,CD Guadalajara Chivas
2,Lobos BUAP,03-Jan,Monarcas Morelia
2,Santos Laguna,03-Jan,Club Atlas
2,Tiburones Rojos Veracruz,0-0,Club Necaxa
2,Club León,01-Feb,Monarcas Morelia
2,Cruz Azul,02-Jan,CF Monterrey
2,Club Tijuana,01-Jan,Querétaro FC
2,CD Guadalajara Chivas,01-Feb,Pumas UNAM
2,Tigres UANL,02-Mar,Club América
2,Deportivo Toluca FC,02-Jan,CF Pachuca
2,Club Puebla,02-Feb,Lobos BUAP
2,Club Atlas,04-Mar,Tiburones Rojos Veracruz
2,Querétaro FC,2-0,Cruz Azul
2,CF Pachuca,01-Jan,Santos Laguna
2,Club América,3-0,Club Tijuana
2,Club Necaxa,0-2,Club León
2,CF Monterrey,02-Jan,Deportivo Toluca FC
2,Lobos BUAP,01-Jan,CD Guadalajara Chivas
2,Pumas UNAM,03-Mar,Tigres UANL
2,Monarcas Morelia,2-0,Club Puebla
2,Tiburones Rojos Veracruz,02-Mar,CF Pachuca
2,Santos Laguna,1-0,CF Monterrey
2,Club Necaxa,02-Feb,Club Atlas
2,Tigres UANL,02-Feb,Lobos BUAP
2,CD Guadalajara Chivas,01-Feb,Monarcas Morelia
2,Cruz Azul,0-0,Club América
2,Club Tijuana,0-1,Pumas UNAM
2,Deportivo Toluca FC,4-0,Querétaro FC
2,Club León,0-4,Club Puebla
2,Monarcas Morelia,0-2,Tigres UANL
2,Club Puebla,02-Feb,CD Guadalajara Chivas
2,CF Pachuca,06-Feb,Club Necaxa
2,Club América,01-Jan,Deportivo Toluca FC
2,CF Monterrey,2-0,Tiburones Rojos Veracruz
2,Lobos BUAP,03-Jan,Club Tijuana
2,Pumas UNAM,01-Feb,Cruz Azul
2,Querétaro FC,02-Jan,Santos Laguna
2,Club Atlas,0-0,Club León
2,Tiburones Rojos Veracruz,02-Feb,Querétaro FC
2,Club Atlas,0-0,CF Pachuca
2,Club León,0-1,CD Guadalajara Chivas
2,Cruz Azul,02-Jan,Lobos BUAP
2,Club Tijuana,02-Mar,Monarcas Morelia
2,Club Necaxa,01-Jan,CF Monterrey
2,Tigres UANL,06-Jan,Club Puebla
2,Deportivo Toluca FC,0-1,Pumas UNAM
2,Santos Laguna,01-Jan,Club América
2,Monarcas Morelia,0-2,Cruz Azul
2,Club Puebla,0-0,Club Tijuana
2,Querétaro FC,1-0,Club Necaxa
2,CF Pachuca,01-Jan,Club León
2,CF Monterrey,03-Jan,Club Atlas
2,CD Guadalajara Chivas,0-1,Tigres UANL
2,Club América,04-Jan,Tiburones Rojos Veracruz
2,Pumas UNAM,01-Jan,Santos Laguna
2,Lobos BUAP,2-0,Deportivo Toluca FC
2,CF Monterrey,1-0,Santos Laguna
2,Querétaro FC,0-2,Cruz Azul
2,Tigres UANL,02-Jan,Pumas UNAM
2,Deportivo Toluca FC,02-Feb,Club América
2,Cruz Azul,01-Jan,Querétaro FC
2,Santos Laguna,0-2,CF Monterrey
2,Club América,03-Feb,Deportivo Toluca FC
2,Pumas UNAM,03-Jan,Tigres UANL
2,CF Monterrey,1-0,Cruz Azul
2,Pumas UNAM,01-Jan,Club América
2,Cruz Azul,1-0,CF Monterrey
2,Club América,06-Jan,Pumas UNAM
2,Club América,0-0,Cruz Azul
2,Cruz Azul,0-2,Club América
1,Club Puebla,01-Jan,Cruz Azul
1,Monarcas Morelia,01-Mar,Deportivo Toluca FC
1,Querétaro FC,01-Feb,Club Atlas
1,CF Monterrey,5-0,CF Pachuca
1,CD Guadalajara Chivas,2-0,Club Tijuana
1,Club León,02-Feb,Tigres UANL
1,Lobos BUAP,2-0,Santos Laguna
1,Pumas UNAM,0-0,Tiburones Rojos Veracruz
1,Club Atlas,01-Feb,Club América
1,Tiburones Rojos Veracruz,0-1,Lobos BUAP
1,Club Tijuana,0-3,Tigres UANL
1,Club Necaxa,02-Jan,Pumas UNAM
1,Cruz Azul,0-1,CD Guadalajara Chivas
1,CF Pachuca,3-0,Querétaro FC
1,CF Monterrey,02-Feb,Club León
1,Santos Laguna,1-0,Monarcas Morelia
1,Deportivo Toluca FC,2-0,Club Puebla
1,Monarcas Morelia,2-0,Tiburones Rojos Veracruz
1,Club Puebla,01-Jan,Santos Laguna
1,Club América,3-0,CF Pachuca
1,Querétaro FC,01-Feb,CF Monterrey
1,Tigres UANL,0-1,Cruz Azul
1,Club León,0-1,Club Tijuana
1,Pumas UNAM,02-Feb,Club Atlas
1,Lobos BUAP,02-Mar,Club Necaxa
1,CD Guadalajara Chivas,1-0,Deportivo Toluca FC
1,Club Atlas,03-Jan,Lobos BUAP
1,Tiburones Rojos Veracruz,0-1,Club Puebla
1,Club Necaxa,0-0,Monarcas Morelia
1,Cruz Azul,1-0,Club Tijuana
1,CF Monterrey,03-Feb,Club América
1,CF Pachuca,1-0,Pumas UNAM
1,Querétaro FC,0-4,Club León
1,Deportivo Toluca FC,0-1,Tigres UANL
1,Santos Laguna,1-0,CD Guadalajara Chivas
1,Monarcas Morelia,01-Feb,Club Atlas
1,Club Puebla,01-Apr,Club Necaxa
1,Club Tijuana,2-0,Deportivo Toluca FC
1,Club América,2-0,Querétaro FC
1,Club León,2-0,Cruz Azul
1,Tigres UANL,02-Jan,Santos Laguna
1,Lobos BUAP,01-Jan,CF Pachuca
1,Pumas UNAM,01-Jan,CF Monterrey
1,CD Guadalajara Chivas,0-0,Tiburones Rojos Veracruz
1,Tiburones Rojos Veracruz,0-2,Tigres UANL
1,Club Atlas,01-Feb,Club Puebla
1,CF Monterrey,4-0,Lobos BUAP
1,Querétaro FC,0-2,Pumas UNAM
1,Club Necaxa,03-Mar,CD Guadalajara Chivas
1,Club América,0-3,Club León
1,CF Pachuca,2-0,Monarcas Morelia
1,Deportivo Toluca FC,01-Jan,Cruz Azul
1,Santos Laguna,01-Jan,Club Tijuana
1,Monarcas Morelia,02-Mar,CF Monterrey
1,Club Puebla,01-Jan,CF Pachuca
1,Club Tijuana,3-0,Tiburones Rojos Veracruz
1,Cruz Azul,01-Feb,Santos Laguna
1,CD Guadalajara Chivas,3-0,Club Atlas
1,Club León,3-0,Deportivo Toluca FC
1,Tigres UANL,03-Feb,Club Necaxa
1,Lobos BUAP,03-Jan,Querétaro FC
1,Pumas UNAM,1-0,Club América
1,Club Atlas,0-1,Tigres UANL
1,Tiburones Rojos Veracruz,01-Jan,Cruz Azul
1,Querétaro FC,3-0,Monarcas Morelia
1,Club Necaxa,01-Feb,Club Tijuana
1,Club América,3-0,Lobos BUAP
1,CF Monterrey,0-0,Club Puebla
1,CF Pachuca,03-Jan,CD Guadalajara Chivas
1,Santos Laguna,4-0,Deportivo Toluca FC
1,Pumas UNAM,01-Mar,Club León
1,Monarcas Morelia,02-Feb,Club América
1,Club Tijuana,03-Jan,Club Atlas
1,Cruz Azul,02-Jan,Club Necaxa
1,CD Guadalajara Chivas,0-2,CF Monterrey
1,Tigres UANL,3-0,CF Pachuca
1,Club León,3-0,Santos Laguna
1,Deportivo Toluca FC,03-Jan,Tiburones Rojos Veracruz
1,Lobos BUAP,02-Jan,Pumas UNAM
1,Club Puebla,1-0,Querétaro FC
1,Club América,01-Mar,Club Necaxa
1,Tiburones Rojos Veracruz,02-Feb,Santos Laguna
1,Club Atlas,0-2,Cruz Azul
1,Querétaro FC,0-0,CD Guadalajara Chivas
1,CF Pachuca,4-0,Club Tijuana
1,CF Monterrey,01-Jan,Tigres UANL
1,Club Necaxa,01-Jan,Deportivo Toluca FC
1,Club América,1-0,Club Puebla
1,Pumas UNAM,02-Feb,Monarcas Morelia
1,Lobos BUAP,0-1,Club León
2,Monarcas Morelia,01-Jan,Lobos BUAP
2,Club Puebla,1-0,Pumas UNAM
2,Cruz Azul,04-Jan,CF Pachuca
2,Club Tijuana,1-0,CF Monterrey
2,Tigres UANL,04-Jan,Querétaro FC
2,CD Guadalajara Chivas,0-2,Club América
2,Deportivo Toluca FC,2-0,Club Atlas
2,Club León,2-0,Tiburones Rojos Veracruz
2,Santos Laguna,01-Feb,Club Necaxa
2,Monarcas Morelia,02-Mar,Club León
2,Club Atlas,1-0,Santos Laguna
2,Club América,3-0,Tigres UANL
2,Querétaro FC,1-0,Club Tijuana
2,Club Necaxa,2-0,Tiburones Rojos Veracruz
2,CF Monterrey,02-Feb,Cruz Azul
2,CF Pachuca,03-Feb,Deportivo Toluca FC
2,Pumas UNAM,02-Jan,CD Guadalajara Chivas
2,Lobos BUAP,0-4,Club Puebla
2,Tiburones Rojos Veracruz,0-1,Club Atlas
2,Club Puebla,01-Jan,Monarcas Morelia
2,Club León,02-Jan,Club Necaxa
2,Cruz Azul,3-0,Querétaro FC
2,Tigres UANL,2-0,Pumas UNAM
2,Club Tijuana,03-Feb,Club América
2,CD Guadalajara Chivas,0-1,Lobos BUAP
2,Deportivo Toluca FC,05-Jan,CF Monterrey
2,Santos Laguna,0-0,CF Pachuca
2,Club Atlas,01-Feb,Club Necaxa
2,Club Puebla,0-3,Club León
2,Querétaro FC,0-0,Deportivo Toluca FC
2,CF Pachuca,09-Feb,Tiburones Rojos Veracruz
2,Monarcas Morelia,1-0,CD Guadalajara Chivas
2,Pumas UNAM,1-0,Club Tijuana
2,CF Monterrey,4-0,Santos Laguna
2,Club América,0-0,Cruz Azul
2,Lobos BUAP,0-3,Tigres UANL
2,Tiburones Rojos Veracruz,0-1,CF Monterrey
2,Club Tijuana,01-Feb,Lobos BUAP
2,Club Necaxa,02-Feb,CF Pachuca
2,Club León,05-Feb,Club Atlas
2,Cruz Azul,02-Jan,Pumas UNAM
2,CD Guadalajara Chivas,01-Mar,Club Puebla
2,Tigres UANL,03-Mar,Monarcas Morelia
2,Deportivo Toluca FC,03-Feb,Club América
2,Santos Laguna,02-Jan,Querétaro FC
2,Club Puebla,01-Jan,Tigres UANL
2,Monarcas Morelia,01-Apr,Club Tijuana
2,CF Pachuca,1-0,Club Atlas
2,CD Guadalajara Chivas,02-Jan,Club León
2,CF Monterrey,02-Feb,Club Necaxa
2,Club América,1-0,Santos Laguna
2,Pumas UNAM,02-Feb,Deportivo Toluca FC
2,Lobos BUAP,01-Apr,Cruz Azul
2,Querétaro FC,02-Jan,Tiburones Rojos Veracruz
2,Tiburones Rojos Veracruz,0-2,Club América
2,Cruz Azul,01-Jan,Monarcas Morelia
2,Club León,02-Jan,CF Pachuca
2,Club Tijuana,4-0,Club Puebla
2,Club Necaxa,1-0,Querétaro FC
2,Tigres UANL,02-Jan,CD Guadalajara Chivas
2,Deportivo Toluca FC,4-0,Lobos BUAP
2,Club Atlas,2-0,CF Monterrey
2,Santos Laguna,05-Feb,Pumas UNAM
2,CF Pachuca,01-Jan,Tigres UANL
2,Club Tijuana,01-Mar,Club León
2,Club Necaxa,1-0,CF Monterrey
2,Club América,03-Jan,Cruz Azul
2,Tigres UANL,01-Jan,CF Pachuca
2,Club León,02-Jan,Club Tijuana
2,Cruz Azul,1-0,Club América
2,CF Monterrey,1-0,Club Necaxa
2,CF Monterrey,1-0,Tigres UANL
2,Club América,0-1,Club León
2,Tigres UANL,1-0,CF Monterrey
2,Club León,0-1,Club América
2,Tigres UANL,1-0,Club León
2,Club León,0-0,Tigres UANL
1,Club Puebla,01-Mar,Club Tijuana
1,Club Atlas,1-0,FC Juárez
1,CF Pachuca,01-Mar,Club León
1,Atlético San Luis,0-2,Pumas UNAM
1,Club América,04-Feb,CF Monterrey
1,Tigres UANL,04-Feb,Monarcas Morelia
1,Club Necaxa,0-0,Cruz Azul
1,Deportivo Toluca FC,0-2,Querétaro FC
1,Santos Laguna,3-0,CD Guadalajara Chivas
1,Monarcas Morelia,0-1,Club Atlas
1,Tiburones Rojos Veracruz,03-Mar,CF Pachuca
1,Club León,0-0,Club América
1,Club Tijuana,01-Jan,Querétaro FC
1,Cruz Azul,01-Jan,Deportivo Toluca FC
1,Pumas UNAM,2-0,Club Necaxa
1,Atlético San Luis,1-0,CF Monterrey
1,CD Guadalajara Chivas,2-0,Tigres UANL
1,Santos Laguna,3-0,FC Juárez
1,Club Puebla,01-Jan,CD Guadalajara Chivas
1,Club Atlas,01-Feb,Santos Laguna
1,Querétaro FC,3-0,Cruz Azul
1,Club América,03-Jan,Club Tijuana
1,CF Monterrey,03-Feb,Club León
1,Club Necaxa,7-0,Tiburones Rojos Veracruz
1,CF Pachuca,01-Feb,Monarcas Morelia
1,Pumas UNAM,0-1,Tigres UANL
1,FC Juárez,2-0,Deportivo Toluca FC
1,Monarcas Morelia,0-1,CF Monterrey
1,Tiburones Rojos Veracruz,01-Feb,Club Atlas
1,Club Tijuana,1-0,Pumas UNAM
1,CD Guadalajara Chivas,3-0,Atlético San Luis
1,Cruz Azul,2-0,FC Juárez
1,Tigres UANL,03-Jan,Club Necaxa
1,Querétaro FC,02-Jan,CF Pachuca
1,Santos Laguna,04-Jan,Club Puebla
1,Deportivo Toluca FC,0-1,Club América
1,Club Puebla,0-4,CF Pachuca
1,Club Atlas,01-Mar,Cruz Azul
1,Atlético San Luis,01-Jan,Tigres UANL
1,Club León,04-Mar,CD Guadalajara Chivas
1,CF Monterrey,2-0,Deportivo Toluca FC
1,Club América,1-0,Monarcas Morelia
1,Pumas UNAM,2-0,Tiburones Rojos Veracruz
1,FC Juárez,0-2,Querétaro FC
1,Club Necaxa,3-0,Santos Laguna
1,Tiburones Rojos Veracruz,01-Feb,Atlético San Luis
1,Monarcas Morelia,2-0,Pumas UNAM
1,Santos Laguna,02-Jan,CF Monterrey
1,Querétaro FC,0-4,Club León
1,CF Pachuca,03-Jan,Club Atlas
1,Cruz Azul,01-Jan,Club Puebla
1,Tigres UANL,01-Jan,Club América
1,Deportivo Toluca FC,2-0,Club Tijuana
1,CD Guadalajara Chivas,01-Feb,Club Necaxa
1,Tiburones Rojos Veracruz,0-5,Querétaro FC
1,Atlético San Luis,01-Jan,Monarcas Morelia
1,Club América,01-Jan,CF Pachuca
1,Club Atlas,01-Jan,Tigres UANL
1,Club León,02-Feb,Santos Laguna
1,Club Necaxa,01-Jan,Deportivo Toluca FC
1,Club Tijuana,03-Feb,Cruz Azul
1,CF Monterrey,2-0,Pumas UNAM
1,Club Puebla,02-Jan,FC Juárez
1,Club Atlas,3-0,Club América
1,Monarcas Morelia,1-0,Tiburones Rojos Veracruz
1,Club Necaxa,03-Feb,Club Tijuana
1,Cruz Azul,01-Jan,CD Guadalajara Chivas
1,CF Pachuca,0-2,Atlético San Luis
1,Tigres UANL,01-Jan,Club León
1,Pumas UNAM,02-Jan,Deportivo Toluca FC
1,Querétaro FC,01-Jan,Club Puebla
1,FC Juárez,1-0,CF Monterrey
1,Club Puebla,01-Mar,Atlético San Luis
1,Club Tijuana,01-Jan,Tigres UANL
1,Tiburones Rojos Veracruz,0-0,Cruz Azul
1,CF Monterrey,0-2,Club Necaxa
1,Club León,03-Jan,FC Juárez
1,CD Guadalajara Chivas,1-0,Club Atlas
1,Club América,01-Jan,Pumas UNAM
1,Deportivo Toluca FC,0-2,Monarcas Morelia
1,Santos Laguna,02-Feb,CF Pachuca
1,Monarcas Morelia,1-0,CD Guadalajara Chivas
1,Club Atlas,0-1,Deportivo Toluca FC
1,Atlético San Luis,02-Mar,Santos Laguna
1,Club Necaxa,02-Apr,Club León
1,Club América,02-Feb,Querétaro FC
1,CF Pachuca,04-Jan,Club Tijuana
1,CF Monterrey,03-Feb,Club Puebla
1,Pumas UNAM,01-Jan,Cruz Azul
1,FC Juárez,2-0,Tiburones Rojos Veracruz
2,Querétaro FC,01-Feb,Club Necaxa
2,Tigres UANL,0-1,Club Puebla
2,Club León,01-Jan,Club Atlas
2,CD Guadalajara Chivas,02-Apr,CF Pachuca
2,Club Tijuana,03-Feb,Monarcas Morelia
2,Santos Laguna,5-0,Tiburones Rojos Veracruz
2,Cruz Azul,01-Jan,CF Monterrey
2,FC Juárez,01-Jan,Club América
2,Deportivo Toluca FC,03-Jan,Atlético San Luis
2,Club Puebla,02-Jan,Club León
2,Club Atlas,2-0,Querétaro FC
2,CF Pachuca,2-0,Cruz Azul
2,Club Necaxa,0-0,FC Juárez
2,CF Monterrey,0-2,Tigres UANL
2,Club América,04-Jan,CD Guadalajara Chivas
2,Pumas UNAM,2-0,Santos Laguna
2,Atlético San Luis,02-Mar,Club Tijuana
2,Tiburones Rojos Veracruz,01-Jan,Deportivo Toluca FC
2,Monarcas Morelia,02-Mar,Club Necaxa
2,Club Tijuana,02-Feb,Club Atlas
2,Club León,01-Jan,Tiburones Rojos Veracruz
2,Tigres UANL,4-0,Santos Laguna
2,CD Guadalajara Chivas,01-Jan,Pumas UNAM
2,Cruz Azul,05-Feb,Club América
2,Deportivo Toluca FC,01-Jan,Club Puebla
2,FC Juárez,01-Feb,Atlético San Luis
2,Querétaro FC,02-Jan,CF Monterrey
2,Club Puebla,0-1,Club Atlas
2,Tiburones Rojos Veracruz,01-Mar,Tigres UANL
2,Santos Laguna,04-Jan,Club Tijuana
2,Cruz Azul,02-Mar,Monarcas Morelia
2,CF Pachuca,0-1,FC Juárez
2,Club Necaxa,02-Feb,Club América
2,CF Monterrey,01-Jan,CD Guadalajara Chivas
2,Atlético San Luis,0-2,Querétaro FC
2,Pumas UNAM,01-Feb,Club León
2,Monarcas Morelia,02-Feb,Santos Laguna
2,Club Tijuana,2-0,Tiburones Rojos Veracruz
2,Club Atlas,0-2,Club Necaxa
2,Tigres UANL,01-Jan,Cruz Azul
2,Club América,2-0,Club Puebla
2,Club León,03-Feb,Atlético San Luis
2,Querétaro FC,3-0,Pumas UNAM
2,Deportivo Toluca FC,2-0,CF Pachuca
2,FC Juárez,01-Feb,CD Guadalajara Chivas
2,Santos Laguna,1-0,Querétaro FC
2,Tiburones Rojos Veracruz,1-0,Club Puebla
2,Atlético San Luis,0-1,Club América
2,Pumas UNAM,05-Jan,Club Atlas
2,CF Pachuca,02-Mar,CF Monterrey
2,CD Guadalajara Chivas,0-1,Club Tijuana
2,Tigres UANL,1-0,Deportivo Toluca FC
2,Cruz Azul,1-0,Club León
2,Monarcas Morelia,06-Jan,FC Juárez
2,Club Puebla,01-Jan,Pumas UNAM
2,Club Atlas,01-Feb,Atlético San Luis
2,Querétaro FC,0-0,Tigres UANL
2,Club América,01-Feb,Santos Laguna
2,Club Necaxa,01-Feb,CF Pachuca
2,CF Monterrey,01-Jan,Tiburones Rojos Veracruz
2,Deportivo Toluca FC,01-Mar,CD Guadalajara Chivas
2,Club León,01-Jan,Monarcas Morelia
2,FC Juárez,3-0,Club Tijuana
2,Monarcas Morelia,03-Feb,Club Puebla
2,Tiburones Rojos Veracruz,0-5,Club América
2,Club Tijuana,0-4,CF Monterrey
2,Atlético San Luis,0-2,Club Necaxa
2,Club León,4-0,Deportivo Toluca FC
2,CD Guadalajara Chivas,03-Feb,Querétaro FC
2,Tigres UANL,0-0,CF Pachuca
2,Pumas UNAM,01-Jan,FC Juárez
2,Santos Laguna,03-Jan,Cruz Azul
2,Club Puebla,3-0,Club Necaxa
2,Club Tijuana,01-Feb,Club León
2,Cruz Azul,03-Jan,Atlético San Luis
2,Querétaro FC,03-Jan,Monarcas Morelia
2,CD Guadalajara Chivas,03-Jan,Tiburones Rojos Veracruz
2,CF Pachuca,2-0,Pumas UNAM
2,CF Monterrey,2-0,Club Atlas
2,FC Juárez,01-Feb,Tigres UANL
2,Deportivo Toluca FC,02-Feb,Santos Laguna
2,Monarcas Morelia,03-Mar,Club León
2,Club Necaxa,3-0,Querétaro FC
2,Club América,01-Feb,Tigres UANL
2,CF Monterrey,05-Feb,Santos Laguna
2,Querétaro FC,02-Mar,Club Necaxa
2,Club León,01-Feb,Monarcas Morelia
2,Santos Laguna,01-Jan,CF Monterrey
2,Tigres UANL,02-Apr,Club América
2,CF Monterrey,02-Jan,Club Necaxa
2,Club Necaxa,0-1,CF Monterrey
2,Monarcas Morelia,0-2,Club América
2,Club América,2-0,Monarcas Morelia
2,CF Monterrey,02-Jan,Club América
2,Club América,02-Jan,CF Monterrey
1,Monarcas Morelia,0-1,Deportivo Toluca FC
1,Club Tijuana,02-Jan,Santos Laguna
1,Cruz Azul,01-Feb,Club Atlas
1,CD Guadalajara Chivas,2-0,FC Juárez
1,Club León,03-Jan,Querétaro FC
1,Tigres UANL,0-0,Atlético San Luis
1,Pumas UNAM,02-Jan,CF Pachuca
1,FC Juárez,04-Apr,Pumas UNAM
1,Club Atlas,0-1,Club Puebla
1,Atlético San Luis,02-Jan,Cruz Azul
1,CF Pachuca,0-0,CD Guadalajara Chivas
1,CF Monterrey,02-Feb,Monarcas Morelia
1,Club América,1-0,Tigres UANL
1,Santos Laguna,03-Feb,Club León
1,Querétaro FC,3-0,Club Tijuana
1,Deportivo Toluca FC,02-Mar,Club Necaxa
1,Club Puebla,0-1,Querétaro FC
1,Club Tijuana,0-0,Club América
1,CD Guadalajara Chivas,02-Feb,Deportivo Toluca FC
1,Club León,3-0,CF Pachuca
1,Tigres UANL,02-Jan,Club Atlas
1,Cruz Azul,3-0,Santos Laguna
1,FC Juárez,3-0,Monarcas Morelia
1,Pumas UNAM,1-0,CF Monterrey
1,Club Necaxa,01-Jan,Atlético San Luis
1,Club Atlas,02-Jan,Club Tijuana
1,Atlético San Luis,02-Feb,CD Guadalajara Chivas
1,Santos Laguna,01-Jan,Pumas UNAM
1,Club América,01-Mar,FC Juárez
1,Monarcas Morelia,01-Feb,Club León
1,CF Monterrey,01-Feb,Querétaro FC
1,CF Pachuca,2-0,Tigres UANL
1,Club Necaxa,2-0,Club Puebla
1,Deportivo Toluca FC,03-Mar,Cruz Azul
1,Club Puebla,0-1,Club América
1,Club Necaxa,02-Feb,CF Monterrey
1,Club Atlas,01-Mar,Monarcas Morelia
1,Club Puebla,02-Feb,Santos Laguna
1,Club Tijuana,01-Jan,Deportivo Toluca FC
1,Club León,03-Jan,CF Monterrey
1,Tigres UANL,3-0,CD Guadalajara Chivas
1,Cruz Azul,03-Jan,CF Pachuca
1,Pumas UNAM,4-0,Atlético San Luis
1,Querétaro FC,01-Feb,Club América
1,FC Juárez,02-Jan,Club Necaxa
1,Atlético San Luis,03-Jan,Club León
1,Monarcas Morelia,01-Jan,Club Tijuana
1,CF Pachuca,1-0,Club Puebla
1,CD Guadalajara Chivas,01-Feb,Cruz Azul
1,Club América,2-0,Club Atlas
1,CF Monterrey,01-Jan,FC Juárez
1,Deportivo Toluca FC,02-Mar,Pumas UNAM
1,Club Necaxa,02-Mar,Querétaro FC
1,Santos Laguna,02-Jan,Tigres UANL
1,Club Atlas,0-2,CF Pachuca
1,Club Tijuana,0-1,CD Guadalajara Chivas
1,Club Puebla,2-0,Deportivo Toluca FC
1,CF Monterrey,0-1,Club América
1,Cruz Azul,02-Jan,Tigres UANL
1,Club León,02-Jan,Club Necaxa
1,FC Juárez,01-Feb,Santos Laguna
1,Querétaro FC,0-1,Atlético San Luis
1,Pumas UNAM,01-Feb,Monarcas Morelia
1,Atlético San Luis,0-3,FC Juárez
1,Deportivo Toluca FC,2-0,CF Monterrey
1,Monarcas Morelia,02-Apr,Cruz Azul
1,Club Tijuana,0-1,Club Puebla
1,CF Pachuca,01-Jan,Querétaro FC
1,Club América,0-3,Club Necaxa
1,Tigres UANL,3-0,Pumas UNAM
1,CD Guadalajara Chivas,2-0,Club León
1,Santos Laguna,1-0,Club Atlas
1,Querétaro FC,01-Jan,Deportivo Toluca FC
1,Pumas UNAM,03-Mar,Club América
1,Club Puebla,0-0,Tigres UANL
1,CF Monterrey,02-Feb,Atlético San Luis
1,Cruz Azul,04-Feb,Club Tijuana
1,CF Pachuca,1-0,Santos Laguna
1,Club Atlas,01-Feb,CD Guadalajara Chivas
1,Club Necaxa,01-Feb,Monarcas Morelia
1,FC Juárez,01-Apr,Club León
1,Monarcas Morelia,4-0,Querétaro FC
1,Club Tijuana,03-Feb,CF Pachuca
1,CD Guadalajara Chivas,01-Jan,CF Monterrey
1,Tigres UANL,03-Feb,FC Juárez
1,Club León,03-Jan,Pumas UNAM
1,Atlético San Luis,0-1,Club Puebla
1,Deportivo Toluca FC,02-Mar,Club Atlas
1,Santos Laguna,02-Jan,Club Necaxa
1,Club América,0-1,Cruz Azul
2,Monarcas Morelia,01-Jan,Atlético San Luis
2,Club Puebla,01-Jan,Cruz Azul
2,Pumas UNAM,01-Jan,Club Tijuana
2,Club América,01-Jan,Club León
2,CF Pachuca,01-Jan,Deportivo Toluca FC
2,Club Necaxa,01-Jan,Tigres UANL
2,CF Monterrey,01-Jan,Santos Laguna
2,Querétaro FC,01-Jan,CD Guadalajara Chivas
2,FC Juárez,01-Jan,Club Atlas
2,Atlético San Luis,01-Jan,CF Pachuca
2,Club Atlas,01-Jan,CF Monterrey
2,Cruz Azul,01-Jan,Pumas UNAM
2,Tigres UANL,01-Jan,Querétaro FC
2,Club León,01-Jan,Club Puebla
2,CD Guadalajara Chivas,01-Jan,Monarcas Morelia
2,Deportivo Toluca FC,01-Jan,FC Juárez
2,Santos Laguna,01-Jan,Club América
2,Club Tijuana,01-Jan,Club Necaxa
2,Atlético San Luis,01-Jan,Club Atlas
2,Monarcas Morelia,01-Jan,Tigres UANL
2,Club América,01-Jan,Deportivo Toluca FC
2,Pumas UNAM,01-Jan,Club Puebla
2,Club Necaxa,01-Jan,CD Guadalajara Chivas
2,CF Monterrey,01-Jan,Club Tijuana
2,Club León,01-Jan,Cruz Azul
2,Querétaro FC,01-Jan,Santos Laguna
2,FC Juárez,01-Jan,CF Pachuca
2,Club Tijuana,01-Jan,FC Juárez
2,Club Puebla,01-Jan,Monarcas Morelia
2,Club Atlas,01-Jan,Pumas UNAM
2,Deportivo Toluca FC,01-Jan,Club León
2,CF Pachuca,01-Jan,Club Necaxa
2,Tigres UANL,01-Jan,CF Monterrey
2,Cruz Azul,01-Jan,Querétaro FC
2,CD Guadalajara Chivas,01-Jan,Club América
2,Santos Laguna,01-Jan,Atlético San Luis
2,Querétaro FC,01-Jan,Club Atlas
2,Monarcas Morelia,01-Jan,CF Pachuca
2,CF Monterrey,01-Jan,Cruz Azul
2,Club América,01-Jan,Atlético San Luis
2,Deportivo Toluca FC,01-Jan,Tigres UANL
2,CD Guadalajara Chivas,01-Jan,Santos Laguna
2,Club León,01-Jan,Club Tijuana
2,Club Necaxa,01-Jan,Pumas UNAM
2,FC Juárez,01-Jan,Club Puebla
2,Atlético San Luis,01-Jan,Deportivo Toluca FC
2,Club Puebla,01-Jan,CF Monterrey
2,Club Atlas,01-Jan,Club León
2,Cruz Azul,01-Jan,Club Necaxa
2,Tigres UANL,01-Jan,Club Tijuana
2,Querétaro FC,01-Jan,FC Juárez
2,Pumas UNAM,01-Jan,CD Guadalajara Chivas
2,CF Pachuca,01-Jan,Club América
2,Santos Laguna,01-Jan,Monarcas Morelia
2,Club Tijuana,01-Jan,Atlético San Luis
2,Santos Laguna,01-Jan,Deportivo Toluca FC
2,Club León,01-Jan,Tigres UANL
2,Club Necaxa,01-Jan,Club Atlas
2,CF Monterrey,01-Jan,CF Pachuca
2,CD Guadalajara Chivas,01-Jan,Club Puebla
2,Pumas UNAM,01-Jan,Querétaro FC
2,FC Juárez,01-Jan,Cruz Azul
2,Monarcas Morelia,01-Jan,Club América
1,Club Necaxa,0-3,Tigres UANL
1,CD Guadalajara Chivas,0-0,Club León
1,Club Tijuana,03-Jan,Club Atlas
1,Cruz Azul,2-0,Santos Laguna
1,Pumas UNAM,03-Feb,Querétaro FC
1,Mazatlán FC,01-Apr,Club Puebla
1,CF Pachuca,01-Feb,Club América
1,Atlético San Luis,01-Jan,FC Juárez
1,CF Monterrey,03-Jan,Deportivo Toluca FC
1,Club Puebla,01-Jan,Cruz Azul
1,FC Juárez,1-0,Club Necaxa
1,Tigres UANL,01-Jan,CF Pachuca
1,Club América,4-0,Club Tijuana
1,Deportivo Toluca FC,03-Feb,Atlético San Luis
1,Santos Laguna,2-0,CD Guadalajara Chivas
1,Querétaro FC,01-Jan,Mazatlán FC
1,Club León,1-0,CF Monterrey
1,Club Atlas,01-Feb,Pumas UNAM
1,CF Pachuca,1-0,Querétaro FC
1,Club Tijuana,0-0,Tigres UANL
1,Mazatlán FC,02-Jan,Deportivo Toluca FC
1,Club Necaxa,01-Jan,Club América
1,Cruz Azul,2-0,Club León
1,CF Monterrey,02-Feb,Santos Laguna
1,CD Guadalajara Chivas,0-1,Club Puebla
1,Atlético San Luis,01-Jan,Club Atlas
1,Pumas UNAM,01-Jan,FC Juárez
1,Tigres UANL,02-Jan,Club Puebla
1,CF Pachuca,0-1,Club León
1,Club Necaxa,1-0,Mazatlán FC
1,Querétaro FC,1-0,Cruz Azul
1,Club Tijuana,0-2,Atlético San Luis
1,Pumas UNAM,01-Jan,CF Monterrey
1,FC Juárez,0-2,CD Guadalajara Chivas
1,Club Atlas,01-Feb,Deportivo Toluca FC
1,Club América,03-Jan,Santos Laguna
1,Club Puebla,0-1,CF Pachuca
1,CD Guadalajara Chivas,02-Jan,Atlético San Luis
1,CF Monterrey,01-Jan,Club Necaxa
1,Mazatlán FC,0-0,Pumas UNAM
1,Cruz Azul,03-Feb,FC Juárez
1,Deportivo Toluca FC,03-Feb,Tigres UANL
1,Santos Laguna,0-0,Club Atlas
1,Querétaro FC,04-Jan,Club América
1,Club León,02-Jan,Club Tijuana
1,FC Juárez,0-0,Club León
1,Club Necaxa,02-Jan,Santos Laguna
1,Club Atlas,1-0,Querétaro FC
1,Tigres UANL,01-Jan,Pumas UNAM
1,Club América,01-Mar,CF Monterrey
1,Deportivo Toluca FC,1-0,CD Guadalajara Chivas
1,Atlético San Luis,01-Mar,Cruz Azul
1,Club Tijuana,1-0,Club Puebla
1,CF Pachuca,04-Mar,Mazatlán FC
1,Mazatlán FC,01-Jan,Tigres UANL
1,Club Puebla,04-Jan,Deportivo Toluca FC
1,Atlético San Luis,01-Feb,Club América
1,CD Guadalajara Chivas,0-0,CF Pachuca
1,Cruz Azul,3-0,Club Necaxa
1,Pumas UNAM,3-0,Club Tijuana
1,Santos Laguna,02-Jan,Querétaro FC
1,CF Monterrey,02-Jan,FC Juárez
1,Club León,02-Jan,Club Atlas
1,Club América,03-Jan,Mazatlán FC
1,Querétaro FC,04-Jan,Deportivo Toluca FC
1,CF Pachuca,03-Jan,Atlético San Luis
1,Club Necaxa,0-2,Club León
1,FC Juárez,01-Jan,Santos Laguna
1,Club Tijuana,02-Jan,CF Monterrey
1,Pumas UNAM,04-Jan,Club Puebla
1,Club Atlas,1-0,Cruz Azul
1,Tigres UANL,01-Mar,CD Guadalajara Chivas
1,Atlético San Luis,02-Jan,Club Necaxa
1,Deportivo Toluca FC,0-1,FC Juárez
1,CF Monterrey,01-Jan,Club Atlas
1,CD Guadalajara Chivas,01-Jan,Querétaro FC
1,Club Puebla,02-Mar,Club América
1,Club León,01-Jan,Tigres UANL
1,Cruz Azul,1-0,CF Pachuca
1,Santos Laguna,01-Feb,Pumas UNAM
1,Mazatlán FC,1-0,Club Tijuana
1,Club Necaxa,01-Feb,CD Guadalajara Chivas
1,FC Juárez,1-0,Club Puebla
1,Club Atlas,01-Jan,Mazatlán FC
1,Tigres UANL,2-0,Santos Laguna
1,Club América,01-Jan,Deportivo Toluca FC
1,Club Tijuana,01-Feb,Cruz Azul
1,Querétaro FC,02-Mar,Club León
1,Pumas UNAM,3-0,Atlético San Luis
1,CF Pachuca,01-Jan,CF Monterrey
2,Club Necaxa,0-1,Club Puebla
2,Mazatlán FC,02-Mar,Cruz Azul
2,Club América,1-0,CD Guadalajara Chivas
2,Tigres UANL,3-0,Querétaro FC
2,Club Atlas,0-1,CF Pachuca
2,Deportivo Toluca FC,01-Feb,Santos Laguna
2,Atlético San Luis,01-Feb,CF Monterrey
2,Club León,2-0,Pumas UNAM
2,CF Pachuca,0-0,Deportivo Toluca FC
2,Club Puebla,03-Mar,Querétaro FC
2,FC Juárez,0-1,Club Atlas
2,CF Monterrey,0-2,Tigres UANL
2,CD Guadalajara Chivas,02-Jan,Mazatlán FC
2,Pumas UNAM,01-Jan,Club Necaxa
2,Atlético San Luis,0-2,Club León
2,Cruz Azul,0-0,Club América
2,Club Tijuana,02-Jan,FC Juárez
2,Club León,02-Jan,Mazatlán FC
2,Club Puebla,0-2,Santos Laguna
2,Club América,02-Feb,Pumas UNAM
2,Tigres UANL,3-0,Atlético San Luis
2,Club Atlas,0-1,Club Necaxa
2,Club Tijuana,0-0,CD Guadalajara Chivas
2,Deportivo Toluca FC,2-0,Cruz Azul
2,FC Juárez,01-Jan,CF Pachuca
2,Querétaro FC,01-Feb,CF Monterrey
2,Santos Laguna,2-0,Club Tijuana
2,Atlético San Luis,02-Jan,Querétaro FC
2,Club Necaxa,2-0,Club Tijuana
2,Mazatlán FC,03-Feb,FC Juárez
2,Cruz Azul,0-2,Tigres UANL
2,CD Guadalajara Chivas,03-Feb,Club Atlas
2,CF Monterrey,03-Jan,Club Puebla
2,Pumas UNAM,1-0,Deportivo Toluca FC
2,Santos Laguna,01-Jan,CF Pachuca
2,Club León,03-Feb,Club América
2,Club Puebla,01-Feb,Club León
2,Querétaro FC,0-1,Club Necaxa
2,Tigres UANL,01-Jan,FC Juárez
2,Mazatlán FC,01-Feb,CF Monterrey
2,Club América,1-0,Club Atlas
2,Deportivo Toluca FC,01-Jan,Club Tijuana
2,CD Guadalajara Chivas,01-Jan,Cruz Azul
2,Santos Laguna,01-Jan,Atlético San Luis
2,CF Pachuca,01-Jan,Pumas UNAM
2,Atlético San Luis,01-Jan,Mazatlán FC
2,Club Necaxa,01-Jan,Deportivo Toluca FC
2,Club Tijuana,01-Jan,CF Pachuca
2,FC Juárez,01-Jan,Querétaro FC
2,Club Atlas,01-Jan,Club Puebla
2,CF Monterrey,01-Jan,Cruz Azul
2,Pumas UNAM,01-Jan,CD Guadalajara Chivas
2,Club América,01-Jan,Tigres UANL
2,Club León,01-Jan,Santos Laguna
2,FC Juárez,01-Jan,Club América
2,Club Puebla,01-Jan,Atlético San Luis
2,CD Guadalajara Chivas,01-Jan,CF Monterrey
2,Tigres UANL,01-Jan,Club Atlas
2,Cruz Azul,01-Jan,Pumas UNAM
2,Querétaro FC,01-Jan,Club Tijuana
2,Santos Laguna,01-Jan,Mazatlán FC
2,Deportivo Toluca FC,01-Jan,Club León
,,,
