Stage,Round,Date,Team 1,FT,Team 2
Apertura,1,Fri Jul 20 2018,Tiburones Rojos Veracruz,0-2,Pumas UNAM
Apertura,1,Fri Jul 20 2018,Club Atlas,0-0,Querétaro FC
Apertura,1,Sat Jul 21 2018,Cruz Azul,3-0,Club Puebla
Apertura,1,Sat Jul 21 2018,CF Pachuca,0-1,CF Monterrey
Apertura,1,Sat Jul 21 2018,Club Tijuana,02-Jan,CD Guadalajara Chivas
Apertura,1,Sat Jul 21 2018,Tigres UANL,2-0,Club León
Apertura,1,Sun Jul 22 2018,Club Necaxa,02-Jan,Club América
Apertura,1,Sun Jul 22 2018,Santos Laguna,02-Jan,Lobos BUAP
Apertura,1,Sun Jul 22 2018,Deportivo Toluca FC,2-0,Monarcas Morelia
Apertura,2,Fri Jul 27 2018,Monarcas Morelia,03-Jan,Santos Laguna
Apertura,2,Fri Jul 27 2018,Club Puebla,02-Jan,Deportivo Toluca FC
Apertura,2,Sat Jul 28 2018,CD Guadalajara Chivas,0-1,Cruz Azul
Apertura,2,Sat Jul 28 2018,Club América,3-0,Club Atlas
Apertura,2,Sat Jul 28 2018,Querétaro FC,1-0,CF Pachuca
Apertura,2,Sun Jul 29 2018,Pumas UNAM,05-Mar,Club Necaxa
Apertura,2,Sun Jul 29 2018,Lobos BUAP,2-0,Tiburones Rojos Veracruz
Apertura,2,Sun Jul 29 2018,Club León,0-2,CF Monterrey
Apertura,2,Sun Jul 29 2018,Tigres UANL,1-0,Club Tijuana
Apertura,3,Fri Aug 3 2018,Club Atlas,0-3,Pumas UNAM
Apertura,3,Fri Aug 3 2018,Tiburones Rojos Veracruz,02-Feb,Monarcas Morelia
Apertura,3,Sat Aug 4 2018,Club Necaxa,1-0,Lobos BUAP
Apertura,3,Sat Aug 4 2018,CF Pachuca,01-Mar,Club América
Apertura,3,Sat Aug 4 2018,CF Monterrey,02-Jan,Querétaro FC
Apertura,3,Sat Aug 4 2018,Cruz Azul,1-0,Tigres UANL
Apertura,3,Sun Aug 5 2018,Deportivo Toluca FC,02-Feb,CD Guadalajara Chivas
Apertura,3,Sun Aug 5 2018,Santos Laguna,2-0,Club Puebla
Apertura,3,Sun Aug 5 2018,Club Tijuana,01-Jan,Club León
Apertura,4,Fri Aug 10 2018,Club Puebla,01-Feb,Tiburones Rojos Veracruz
Apertura,4,Fri Aug 10 2018,Monarcas Morelia,02-Jan,Club Necaxa
Apertura,4,Sat Aug 11 2018,Club América,3-0,CF Monterrey
Apertura,4,Sat Aug 11 2018,Club León,4-0,Querétaro FC
Apertura,4,Sat Aug 11 2018,Tigres UANL,01-Feb,Deportivo Toluca FC
Apertura,4,Sat Aug 11 2018,Lobos BUAP,0-0,Club Atlas
Apertura,4,Sun Aug 12 2018,Pumas UNAM,0-0,CF Pachuca
Apertura,4,Sun Aug 12 2018,Club Tijuana,01-Jan,Cruz Azul
Apertura,4,Sun Aug 12 2018,CD Guadalajara Chivas,01-Feb,Santos Laguna
Apertura,5,Fri Aug 17 2018,Tiburones Rojos Veracruz,0-2,CD Guadalajara Chivas
Apertura,5,Fri Aug 17 2018,Club Atlas,0-1,Monarcas Morelia
Apertura,5,Sat Aug 18 2018,CF Pachuca,3-0,Lobos BUAP
Apertura,5,Sat Aug 18 2018,Cruz Azul,3-0,Club León
Apertura,5,Sat Aug 18 2018,CF Monterrey,1-0,Pumas UNAM
Apertura,5,Sat Aug 18 2018,Querétaro FC,01-Jan,Club América
Apertura,5,Sat Aug 18 2018,Club Necaxa,02-Feb,Club Puebla
Apertura,5,Sun Aug 19 2018,Santos Laguna,03-Jan,Tigres UANL
Apertura,5,Sun Aug 19 2018,Deportivo Toluca FC,3-0,Club Tijuana
Apertura,6,Tue Aug 21 2018,Monarcas Morelia,01-Jan,CF Pachuca
Apertura,6,Tue Aug 21 2018,Pumas UNAM,0-1,Querétaro FC
Apertura,6,Tue Aug 21 2018,Club Puebla,2-0,Club Atlas
Apertura,6,Tue Aug 21 2018,CD Guadalajara Chivas,1-0,Club Necaxa
Apertura,6,Wed Aug 22 2018,Cruz Azul,1-0,Deportivo Toluca FC
Apertura,6,Wed Aug 22 2018,Club León,2-0,Club América
Apertura,6,Wed Aug 22 2018,Tigres UANL,4-0,Tiburones Rojos Veracruz
Apertura,6,Wed Aug 22 2018,Club Tijuana,02-Feb,Santos Laguna
Apertura,6,Wed Aug 22 2018,Lobos BUAP,01-Feb,CF Monterrey
Apertura,7,Fri Aug 24 2018,Club Atlas,0-1,CD Guadalajara Chivas
Apertura,7,Sat Aug 25 2018,Club América,02-Feb,Pumas UNAM
Apertura,7,Sat Aug 25 2018,CF Monterrey,02-Feb,Monarcas Morelia
Apertura,7,Sat Aug 25 2018,Tiburones Rojos Veracruz,1-0,Club Tijuana
Apertura,7,Sat Aug 25 2018,Club Necaxa,01-Jan,Tigres UANL
Apertura,7,Sat Aug 25 2018,CF Pachuca,2-0,Club Puebla
Apertura,7,Sun Aug 26 2018,Querétaro FC,2-0,Lobos BUAP
Apertura,7,Sun Aug 26 2018,Deportivo Toluca FC,01-Feb,Club León
Apertura,7,Sun Aug 26 2018,Santos Laguna,01-Jan,Cruz Azul
Apertura,8,Fri Aug 31 2018,Monarcas Morelia,01-Apr,Querétaro FC
Apertura,8,Fri Aug 31 2018,Club Puebla,02-Jan,CF Monterrey
Apertura,8,Fri Aug 31 2018,Club Tijuana,1-0,Club Necaxa
Apertura,8,Sat Sep 1 2018,Cruz Azul,04-Jan,Tiburones Rojos Veracruz
Apertura,8,Sat Sep 1 2018,Club León,01-Feb,Pumas UNAM
Apertura,8,Sat Sep 1 2018,CD Guadalajara Chivas,01-Mar,CF Pachuca
Apertura,8,Sat Sep 1 2018,Tigres UANL,03-Jan,Club Atlas
Apertura,8,Sun Sep 2 2018,Deportivo Toluca FC,02-Jan,Santos Laguna
Apertura,8,Sun Sep 2 2018,Lobos BUAP,0-2,Club América
Apertura,9,Fri Sep 14 2018,Tiburones Rojos Veracruz,02-Mar,Deportivo Toluca FC
Apertura,9,Sat Sep 15 2018,CF Pachuca,01-Jan,Tigres UANL
Apertura,9,Sat Sep 15 2018,Querétaro FC,0-1,Club Puebla
Apertura,9,Sat Sep 15 2018,Club América,02-Jan,Monarcas Morelia
Apertura,9,Sat Sep 15 2018,CF Monterrey,02-Apr,CD Guadalajara Chivas
Apertura,9,Sat Sep 15 2018,Club Necaxa,2-0,Cruz Azul
Apertura,9,Sun Sep 16 2018,Pumas UNAM,04-Feb,Lobos BUAP
Apertura,9,Sun Sep 16 2018,Santos Laguna,3-0,Club León
Apertura,9,Sun Sep 16 2018,Club Atlas,0-1,Club Tijuana
Apertura,10,Fri Sep 21 2018,Monarcas Morelia,0-0,Pumas UNAM
Apertura,10,Fri Sep 21 2018,Club Puebla,02-Mar,Club América
Apertura,10,Sat Sep 22 2018,Deportivo Toluca FC,03-Feb,Club Necaxa
Apertura,10,Sat Sep 22 2018,Club Tijuana,1-0,CF Pachuca
Apertura,10,Sat Sep 22 2018,Cruz Azul,2-0,Club Atlas
Apertura,10,Sat Sep 22 2018,Club León,0-1,Lobos BUAP
Apertura,10,Sun Sep 23 2018,CD Guadalajara Chivas,01-Jan,Querétaro FC
Apertura,10,Sun Sep 23 2018,Santos Laguna,01-Jan,Tiburones Rojos Veracruz
Apertura,10,Sun Sep 23 2018,Tigres UANL,0-0,CF Monterrey
Apertura,11,Fri Sep 28 2018,Tiburones Rojos Veracruz,0-4,Club León
Apertura,11,Fri Sep 28 2018,Club Atlas,2-0,Deportivo Toluca FC
Apertura,11,Sat Sep 29 2018,CF Monterrey,3-0,Club Tijuana
Apertura,11,Sat Sep 29 2018,CF Pachuca,03-Jan,Cruz Azul
Apertura,11,Sat Sep 29 2018,Club Necaxa,0-1,Santos Laguna
Apertura,11,Sat Sep 29 2018,Querétaro FC,0-2,Tigres UANL
Apertura,11,Sun Sep 30 2018,Pumas UNAM,02-Feb,Club Puebla
Apertura,11,Sun Sep 30 2018,Club América,01-Jan,CD Guadalajara Chivas
Apertura,11,Sun Sep 30 2018,Lobos BUAP,03-Jan,Monarcas Morelia
Apertura,12,Fri Oct 5 2018,Santos Laguna,03-Jan,Club Atlas
Apertura,12,Fri Oct 5 2018,Tiburones Rojos Veracruz,0-0,Club Necaxa
Apertura,12,Sat Oct 6 2018,Club León,01-Feb,Monarcas Morelia
Apertura,12,Sat Oct 6 2018,Cruz Azul,02-Jan,CF Monterrey
Apertura,12,Sat Oct 6 2018,Club Tijuana,01-Jan,Querétaro FC
Apertura,12,Sat Oct 6 2018,CD Guadalajara Chivas,01-Feb,Pumas UNAM
Apertura,12,Sat Oct 6 2018,Tigres UANL,02-Mar,Club América
Apertura,12,Sun Oct 7 2018,Deportivo Toluca FC,02-Jan,CF Pachuca
Apertura,12,Sun Oct 7 2018,Club Puebla,02-Feb,Lobos BUAP
Apertura,13,Fri Oct 19 2018,Club Atlas,04-Mar,Tiburones Rojos Veracruz
Apertura,13,Sat Oct 20 2018,Querétaro FC,2-0,Cruz Azul
Apertura,13,Sat Oct 20 2018,CF Pachuca,01-Jan,Santos Laguna
Apertura,13,Sat Oct 20 2018,Club América,3-0,Club Tijuana
Apertura,13,Sat Oct 20 2018,Club Necaxa,0-2,Club León
Apertura,13,Sat Oct 20 2018,CF Monterrey,02-Jan,Deportivo Toluca FC
Apertura,13,Sun Oct 21 2018,Lobos BUAP,01-Jan,CD Guadalajara Chivas
Apertura,13,Sun Oct 21 2018,Pumas UNAM,03-Mar,Tigres UANL
Apertura,13,Sun Oct 21 2018,Monarcas Morelia,2-0,Club Puebla
Apertura,14,Fri Oct 26 2018,Tiburones Rojos Veracruz,02-Mar,CF Pachuca
Apertura,14,Fri Oct 26 2018,Santos Laguna,1-0,CF Monterrey
Apertura,14,Sat Oct 27 2018,Club Necaxa,02-Feb,Club Atlas
Apertura,14,Sat Oct 27 2018,Tigres UANL,02-Feb,Lobos BUAP
Apertura,14,Sat Oct 27 2018,CD Guadalajara Chivas,01-Feb,Monarcas Morelia
Apertura,14,Sat Oct 27 2018,Cruz Azul,0-0,Club América
Apertura,14,Sat Oct 27 2018,Club Tijuana,0-1,Pumas UNAM
Apertura,14,Sun Oct 28 2018,Deportivo Toluca FC,4-0,Querétaro FC
Apertura,14,Sun Oct 28 2018,Club León,0-4,Club Puebla
Apertura,15,Fri Nov 2 2018,Monarcas Morelia,0-2,Tigres UANL
Apertura,15,Fri Nov 2 2018,Club Puebla,02-Feb,CD Guadalajara Chivas
Apertura,15,Sat Nov 3 2018,CF Pachuca,06-Feb,Club Necaxa
Apertura,15,Sat Nov 3 2018,Club América,01-Jan,Deportivo Toluca FC
Apertura,15,Sat Nov 3 2018,CF Monterrey,2-0,Tiburones Rojos Veracruz
Apertura,15,Sat Nov 3 2018,Lobos BUAP,03-Jan,Club Tijuana
Apertura,15,Sun Nov 4 2018,Pumas UNAM,01-Feb,Cruz Azul
Apertura,15,Sun Nov 4 2018,Querétaro FC,02-Jan,Santos Laguna
Apertura,15,Sun Nov 4 2018,Club Atlas,0-0,Club León
Apertura,16,Fri Nov 9 2018,Tiburones Rojos Veracruz,02-Feb,Querétaro FC
Apertura,16,Fri Nov 9 2018,Club Atlas,0-0,CF Pachuca
Apertura,16,Sat Nov 10 2018,Club León,0-1,CD Guadalajara Chivas
Apertura,16,Sat Nov 10 2018,Cruz Azul,02-Jan,Lobos BUAP
Apertura,16,Sat Nov 10 2018,Club Tijuana,02-Mar,Monarcas Morelia
Apertura,16,Sat Nov 10 2018,Club Necaxa,01-Jan,CF Monterrey
Apertura,16,Sat Nov 10 2018,Tigres UANL,06-Jan,Club Puebla
Apertura,16,Sun Nov 11 2018,Deportivo Toluca FC,0-1,Pumas UNAM
Apertura,16,Sun Nov 11 2018,Santos Laguna,01-Jan,Club América
Apertura,17,Fri Nov 23 2018,Monarcas Morelia,0-2,Cruz Azul
Apertura,17,Fri Nov 23 2018,Club Puebla,0-0,Club Tijuana
Apertura,17,Sat Nov 24 2018,Querétaro FC,1-0,Club Necaxa
Apertura,17,Sat Nov 24 2018,CF Pachuca,01-Jan,Club León
Apertura,17,Sat Nov 24 2018,CF Monterrey,03-Jan,Club Atlas
Apertura,17,Sat Nov 24 2018,CD Guadalajara Chivas,0-1,Tigres UANL
Apertura,17,Sat Nov 24 2018,Club América,04-Jan,Tiburones Rojos Veracruz
Apertura,17,Sun Nov 25 2018,Pumas UNAM,01-Jan,Santos Laguna
Apertura,17,Sun Nov 25 2018,Lobos BUAP,2-0,Deportivo Toluca FC
Apertura - Liguilla,Cuartos de Final,Wed Nov 28 2018,CF Monterrey,1-0,Santos Laguna
Apertura - Liguilla,Cuartos de Final,Wed Nov 28 2018,Querétaro FC,0-2,Cruz Azul
Apertura - Liguilla,Cuartos de Final,Thu Nov 29 2018,Tigres UANL,02-Jan,Pumas UNAM
Apertura - Liguilla,Cuartos de Final,Thu Nov 29 2018,Deportivo Toluca FC,02-Feb,Club América
Apertura - Liguilla,Cuartos de Final,Sat Dec 1 2018,Cruz Azul,01-Jan,Querétaro FC
Apertura - Liguilla,Cuartos de Final,Sat Dec 1 2018,Santos Laguna,0-2,CF Monterrey
Apertura - Liguilla,Cuartos de Final,Sun Dec 2 2018,Club América,03-Feb,Deportivo Toluca FC
Apertura - Liguilla,Cuartos de Final,Sun Dec 2 2018,Pumas UNAM,03-Jan,Tigres UANL
Apertura - Liguilla,Semifinales,Wed Dec 5 2018,CF Monterrey,1-0,Cruz Azul
Apertura - Liguilla,Semifinales,Thu Dec 6 2018,Pumas UNAM,01-Jan,Club América
Apertura - Liguilla,Semifinales,Sat Dec 8 2018,Cruz Azul,1-0,CF Monterrey
Apertura - Liguilla,Semifinales,Sun Dec 9 2018,Club América,06-Jan,Pumas UNAM
Apertura - Liguilla,Final,Thu Dec 13 2018,Club América,0-0,Cruz Azul
Apertura - Liguilla,Final,Sun Dec 16 2018,Cruz Azul,0-2,Club América
Clausura,1,Fri Jan 4 2019,Club Puebla,01-Jan,Cruz Azul
Clausura,1,Fri Jan 4 2019,Monarcas Morelia,01-Mar,Deportivo Toluca FC
Clausura,1,Sat Jan 5 2019,Querétaro FC,01-Feb,Club Atlas
Clausura,1,Sat Jan 5 2019,CF Monterrey,5-0,CF Pachuca
Clausura,1,Sat Jan 5 2019,CD Guadalajara Chivas,2-0,Club Tijuana
Clausura,1,Sat Jan 5 2019,Club León,02-Feb,Tigres UANL
Clausura,1,Sun Jan 6 2019,Lobos BUAP,2-0,Santos Laguna
Clausura,1,Sun Jan 6 2019,Pumas UNAM,0-0,Tiburones Rojos Veracruz
Clausura,2,Fri Jan 11 2019,Club Atlas,01-Feb,Club América
Clausura,2,Fri Jan 11 2019,Tiburones Rojos Veracruz,0-1,Lobos BUAP
Clausura,2,Sat Jan 12 2019,Club Tijuana,0-3,Tigres UANL
Clausura,2,Sat Jan 12 2019,Club Necaxa,02-Jan,Pumas UNAM
Clausura,2,Sat Jan 12 2019,Cruz Azul,0-1,CD Guadalajara Chivas
Clausura,2,Sat Jan 12 2019,CF Pachuca,3-0,Querétaro FC
Clausura,2,Sat Jan 12 2019,CF Monterrey,02-Feb,Club León
Clausura,2,Sun Jan 13 2019,Santos Laguna,1-0,Monarcas Morelia
Clausura,2,Sun Jan 13 2019,Deportivo Toluca FC,2-0,Club Puebla
Clausura,3,Fri Jan 18 2019,Monarcas Morelia,2-0,Tiburones Rojos Veracruz
Clausura,3,Fri Jan 18 2019,Club Puebla,01-Jan,Santos Laguna
Clausura,3,Sat Jan 19 2019,Club América,3-0,CF Pachuca
Clausura,3,Sat Jan 19 2019,Querétaro FC,01-Feb,CF Monterrey
Clausura,3,Sat Jan 19 2019,Tigres UANL,0-1,Cruz Azul
Clausura,3,Sun Jan 20 2019,Club León,0-1,Club Tijuana
Clausura,3,Sun Jan 20 2019,Pumas UNAM,02-Feb,Club Atlas
Clausura,3,Sun Jan 20 2019,Lobos BUAP,02-Mar,Club Necaxa
Clausura,3,Sun Jan 20 2019,CD Guadalajara Chivas,1-0,Deportivo Toluca FC
Clausura,4,Fri Jan 25 2019,Club Atlas,03-Jan,Lobos BUAP
Clausura,4,Fri Jan 25 2019,Tiburones Rojos Veracruz,0-1,Club Puebla
Clausura,4,Sat Jan 26 2019,Club Necaxa,0-0,Monarcas Morelia
Clausura,4,Sat Jan 26 2019,Cruz Azul,1-0,Club Tijuana
Clausura,4,Sat Jan 26 2019,CF Monterrey,03-Feb,Club América
Clausura,4,Sat Jan 26 2019,CF Pachuca,1-0,Pumas UNAM
Clausura,4,Sun Jan 27 2019,Querétaro FC,0-4,Club León
Clausura,4,Sun Jan 27 2019,Deportivo Toluca FC,0-1,Tigres UANL
Clausura,4,Sun Jan 27 2019,Santos Laguna,1-0,CD Guadalajara Chivas
Clausura,5,Fri Feb 1 2019,Monarcas Morelia,01-Feb,Club Atlas
Clausura,5,Fri Feb 1 2019,Club Puebla,01-Apr,Club Necaxa
Clausura,5,Sat Feb 2 2019,Club Tijuana,2-0,Deportivo Toluca FC
Clausura,5,Sat Feb 2 2019,Club América,2-0,Querétaro FC
Clausura,5,Sat Feb 2 2019,Club León,2-0,Cruz Azul
Clausura,5,Sat Feb 2 2019,Tigres UANL,02-Jan,Santos Laguna
Clausura,5,Sun Feb 3 2019,Lobos BUAP,01-Jan,CF Pachuca
Clausura,5,Sun Feb 3 2019,Pumas UNAM,01-Jan,CF Monterrey
Clausura,5,Mon Feb 4 2019,CD Guadalajara Chivas,0-0,Tiburones Rojos Veracruz
Clausura,6,Fri Feb 8 2019,Tiburones Rojos Veracruz,0-2,Tigres UANL
Clausura,6,Fri Feb 8 2019,Club Atlas,01-Feb,Club Puebla
Clausura,6,Sat Feb 9 2019,CF Monterrey,4-0,Lobos BUAP
Clausura,6,Sat Feb 9 2019,Querétaro FC,0-2,Pumas UNAM
Clausura,6,Sat Feb 9 2019,Club Necaxa,03-Mar,CD Guadalajara Chivas
Clausura,6,Sat Feb 9 2019,Club América,0-3,Club León
Clausura,6,Sat Feb 9 2019,CF Pachuca,2-0,Monarcas Morelia
Clausura,6,Sun Feb 10 2019,Deportivo Toluca FC,01-Jan,Cruz Azul
Clausura,6,Sun Feb 10 2019,Santos Laguna,01-Jan,Club Tijuana
Clausura,7,Fri Feb 15 2019,Monarcas Morelia,02-Mar,CF Monterrey
Clausura,7,Fri Feb 15 2019,Club Puebla,01-Jan,CF Pachuca
Clausura,7,Fri Feb 15 2019,Club Tijuana,3-0,Tiburones Rojos Veracruz
Clausura,7,Sat Feb 16 2019,Cruz Azul,01-Feb,Santos Laguna
Clausura,7,Sat Feb 16 2019,CD Guadalajara Chivas,3-0,Club Atlas
Clausura,7,Sat Feb 16 2019,Club León,3-0,Deportivo Toluca FC
Clausura,7,Sat Feb 16 2019,Tigres UANL,03-Feb,Club Necaxa
Clausura,7,Sun Feb 17 2019,Lobos BUAP,03-Jan,Querétaro FC
Clausura,7,Sun Feb 17 2019,Pumas UNAM,1-0,Club América
Clausura,8,Fri Feb 22 2019,Club Atlas,0-1,Tigres UANL
Clausura,8,Fri Feb 22 2019,Tiburones Rojos Veracruz,01-Jan,Cruz Azul
Clausura,8,Sat Feb 23 2019,Querétaro FC,3-0,Monarcas Morelia
Clausura,8,Sat Feb 23 2019,Club Necaxa,01-Feb,Club Tijuana
Clausura,8,Sat Feb 23 2019,Club América,3-0,Lobos BUAP
Clausura,8,Sat Feb 23 2019,CF Monterrey,0-0,Club Puebla
Clausura,8,Sat Feb 23 2019,CF Pachuca,03-Jan,CD Guadalajara Chivas
Clausura,8,Sun Feb 24 2019,Santos Laguna,4-0,Deportivo Toluca FC
Clausura,8,Sun Feb 24 2019,Pumas UNAM,01-Mar,Club León
Clausura,9,Fri Mar 1 2019,Monarcas Morelia,02-Feb,Club América
Clausura,9,Fri Mar 1 2019,Club Tijuana,03-Jan,Club Atlas
Clausura,9,Sat Mar 2 2019,Cruz Azul,02-Jan,Club Necaxa
Clausura,9,Sat Mar 2 2019,CD Guadalajara Chivas,0-2,CF Monterrey
Clausura,9,Sat Mar 2 2019,Tigres UANL,3-0,CF Pachuca
Clausura,9,Sat Mar 2 2019,Club León,3-0,Santos Laguna
Clausura,9,Sun Mar 3 2019,Deportivo Toluca FC,03-Jan,Tiburones Rojos Veracruz
Clausura,9,Sun Mar 3 2019,Lobos BUAP,02-Jan,Pumas UNAM
Clausura,9,Mon Mar 4 2019,Club Puebla,1-0,Querétaro FC
Clausura,1,Tue Mar 5 2019,Club América,01-Mar,Club Necaxa
Clausura,10,Fri Mar 8 2019,Tiburones Rojos Veracruz,02-Feb,Santos Laguna
Clausura,10,Fri Mar 8 2019,Club Atlas,0-2,Cruz Azul
Clausura,10,Sat Mar 9 2019,Querétaro FC,0-0,CD Guadalajara Chivas
Clausura,10,Sat Mar 9 2019,CF Pachuca,4-0,Club Tijuana
Clausura,10,Sat Mar 9 2019,CF Monterrey,01-Jan,Tigres UANL
Clausura,10,Sat Mar 9 2019,Club Necaxa,01-Jan,Deportivo Toluca FC
Clausura,10,Sat Mar 9 2019,Club América,1-0,Club Puebla
Clausura,10,Sun Mar 10 2019,Pumas UNAM,02-Feb,Monarcas Morelia
Clausura,10,Sun Mar 10 2019,Lobos BUAP,0-1,Club León
Clausura,11,Fri Mar 15 2019,Monarcas Morelia,01-Jan,Lobos BUAP
Clausura,11,Fri Mar 15 2019,Club Puebla,1-0,Pumas UNAM
Clausura,11,Sat Mar 16 2019,Cruz Azul,04-Jan,CF Pachuca
Clausura,11,Sat Mar 16 2019,Club Tijuana,1-0,CF Monterrey
Clausura,11,Sat Mar 16 2019,Tigres UANL,04-Jan,Querétaro FC
Clausura,11,Sat Mar 16 2019,CD Guadalajara Chivas,0-2,Club América
Clausura,11,Sun Mar 17 2019,Deportivo Toluca FC,2-0,Club Atlas
Clausura,11,Sun Mar 17 2019,Club León,2-0,Tiburones Rojos Veracruz
Clausura,11,Sun Mar 17 2019,Santos Laguna,01-Feb,Club Necaxa
Clausura,12,Fri Mar 29 2019,Monarcas Morelia,02-Mar,Club León
Clausura,12,Fri Mar 29 2019,Club Atlas,1-0,Santos Laguna
Clausura,12,Sat Mar 30 2019,Club América,3-0,Tigres UANL
Clausura,12,Sat Mar 30 2019,Querétaro FC,1-0,Club Tijuana
Clausura,12,Sat Mar 30 2019,Club Necaxa,2-0,Tiburones Rojos Veracruz
Clausura,12,Sat Mar 30 2019,CF Monterrey,02-Feb,Cruz Azul
Clausura,12,Sat Mar 30 2019,CF Pachuca,03-Feb,Deportivo Toluca FC
Clausura,12,Sun Mar 31 2019,Pumas UNAM,02-Jan,CD Guadalajara Chivas
Clausura,12,Sun Mar 31 2019,Lobos BUAP,0-4,Club Puebla
Clausura,13,Fri Apr 5 2019,Tiburones Rojos Veracruz,0-1,Club Atlas
Clausura,13,Fri Apr 5 2019,Club Puebla,01-Jan,Monarcas Morelia
Clausura,13,Sat Apr 6 2019,Club León,02-Jan,Club Necaxa
Clausura,13,Sat Apr 6 2019,Cruz Azul,3-0,Querétaro FC
Clausura,13,Sat Apr 6 2019,Tigres UANL,2-0,Pumas UNAM
Clausura,13,Sat Apr 6 2019,Club Tijuana,03-Feb,Club América
Clausura,13,Sat Apr 6 2019,CD Guadalajara Chivas,0-1,Lobos BUAP
Clausura,13,Sun Apr 7 2019,Deportivo Toluca FC,05-Jan,CF Monterrey
Clausura,13,Sun Apr 7 2019,Santos Laguna,0-0,CF Pachuca
Clausura,14,Fri Apr 12 2019,Club Atlas,01-Feb,Club Necaxa
Clausura,14,Fri Apr 12 2019,Club Puebla,0-3,Club León
Clausura,14,Sat Apr 13 2019,Querétaro FC,0-0,Deportivo Toluca FC
Clausura,14,Sat Apr 13 2019,CF Pachuca,09-Feb,Tiburones Rojos Veracruz
Clausura,14,Sat Apr 13 2019,Monarcas Morelia,1-0,CD Guadalajara Chivas
Clausura,14,Sun Apr 14 2019,Pumas UNAM,1-0,Club Tijuana
Clausura,14,Sun Apr 14 2019,CF Monterrey,4-0,Santos Laguna
Clausura,14,Sun Apr 14 2019,Club América,0-0,Cruz Azul
Clausura,14,Sun Apr 14 2019,Lobos BUAP,0-3,Tigres UANL
Clausura,15,Fri Apr 19 2019,Tiburones Rojos Veracruz,0-1,CF Monterrey
Clausura,15,Fri Apr 19 2019,Club Tijuana,01-Feb,Lobos BUAP
Clausura,15,Sat Apr 20 2019,Club Necaxa,02-Feb,CF Pachuca
Clausura,15,Sat Apr 20 2019,Club León,05-Feb,Club Atlas
Clausura,15,Sat Apr 20 2019,Cruz Azul,02-Jan,Pumas UNAM
Clausura,15,Sat Apr 20 2019,CD Guadalajara Chivas,01-Mar,Club Puebla
Clausura,15,Sat Apr 20 2019,Tigres UANL,03-Mar,Monarcas Morelia
Clausura,15,Sun Apr 21 2019,Deportivo Toluca FC,03-Feb,Club América
Clausura,15,Sun Apr 21 2019,Santos Laguna,02-Jan,Querétaro FC
Clausura,16,Fri Apr 26 2019,Club Puebla,01-Jan,Tigres UANL
Clausura,16,Fri Apr 26 2019,Monarcas Morelia,01-Apr,Club Tijuana
Clausura,16,Sat Apr 27 2019,CF Pachuca,1-0,Club Atlas
Clausura,16,Sat Apr 27 2019,CD Guadalajara Chivas,02-Jan,Club León
Clausura,16,Sat Apr 27 2019,CF Monterrey,02-Feb,Club Necaxa
Clausura,16,Sat Apr 27 2019,Club América,1-0,Santos Laguna
Clausura,16,Sun Apr 28 2019,Pumas UNAM,02-Feb,Deportivo Toluca FC
Clausura,16,Sun Apr 28 2019,Lobos BUAP,01-Apr,Cruz Azul
Clausura,16,Sun Apr 28 2019,Querétaro FC,02-Jan,Tiburones Rojos Veracruz
Clausura,17,Fri May 3 2019,Tiburones Rojos Veracruz,0-2,Club América
Clausura,17,Sat May 4 2019,Cruz Azul,01-Jan,Monarcas Morelia
Clausura,17,Sat May 4 2019,Club León,02-Jan,CF Pachuca
Clausura,17,Sat May 4 2019,Club Tijuana,4-0,Club Puebla
Clausura,17,Sat May 4 2019,Club Necaxa,1-0,Querétaro FC
Clausura,17,Sat May 4 2019,Tigres UANL,02-Jan,CD Guadalajara Chivas
Clausura,17,Sun May 5 2019,Deportivo Toluca FC,4-0,Lobos BUAP
Clausura,17,Sun May 5 2019,Club Atlas,2-0,CF Monterrey
Clausura,17,Sun May 5 2019,Santos Laguna,05-Feb,Pumas UNAM
Clausura - Liguilla,Cuartos de Final,Wed May 8 2019,CF Pachuca,01-Jan,Tigres UANL
Clausura - Liguilla,Cuartos de Final,Wed May 8 2019,Club Tijuana,01-Mar,Club León
Clausura - Liguilla,Cuartos de Final,Thu May 9 2019,Club Necaxa,1-0,CF Monterrey
Clausura - Liguilla,Cuartos de Final,Thu May 9 2019,Club América,03-Jan,Cruz Azul
Clausura - Liguilla,Cuartos de Final,Sat May 11 2019,Tigres UANL,01-Jan,CF Pachuca
Clausura - Liguilla,Cuartos de Final,Sat May 11 2019,Club León,02-Jan,Club Tijuana
Clausura - Liguilla,Cuartos de Final,Sun May 12 2019,Cruz Azul,1-0,Club América
Clausura - Liguilla,Cuartos de Final,Sun May 12 2019,CF Monterrey,1-0,Club Necaxa
Clausura - Liguilla,Semifinales,Wed May 15 2019,CF Monterrey,1-0,Tigres UANL
Clausura - Liguilla,Semifinales,Thu May 16 2019,Club América,0-1,Club León
Clausura - Liguilla,Semifinales,Sat May 18 2019,Tigres UANL,1-0,CF Monterrey
Clausura - Liguilla,Semifinales,Sun May 19 2019,Club León,0-1,Club América
Clausura - Liguilla,Final,Thu May 23 2019,Tigres UANL,1-0,Club León
Clausura - Liguilla,Final,Sun May 26 2019,Club León,0-0,Tigres UANL
Apertura,1,Fri Jul 19 2019,Club Puebla,01-Mar,Club Tijuana
Apertura,1,Fri Jul 19 2019,Club Atlas,1-0,FC Juárez
Apertura,1,Sat Jul 20 2019,CF Pachuca,01-Mar,Club León
Apertura,1,Sat Jul 20 2019,Atlético San Luis,0-2,Pumas UNAM
Apertura,1,Sat Jul 20 2019,Club América,04-Feb,CF Monterrey
Apertura,1,Sat Jul 20 2019,Tigres UANL,04-Feb,Monarcas Morelia
Apertura,1,Sat Jul 20 2019,Club Necaxa,0-0,Cruz Azul
Apertura,1,Sun Jul 21 2019,Deportivo Toluca FC,0-2,Querétaro FC
Apertura,1,Sun Jul 21 2019,Santos Laguna,3-0,CD Guadalajara Chivas
Apertura,2,Fri Jul 26 2019,Monarcas Morelia,0-1,Club Atlas
Apertura,2,Fri Jul 26 2019,Tiburones Rojos Veracruz,03-Mar,CF Pachuca
Apertura,2,Sat Jul 27 2019,Club León,0-0,Club América
Apertura,2,Sat Jul 27 2019,Club Tijuana,01-Jan,Querétaro FC
Apertura,2,Sat Jul 27 2019,Cruz Azul,01-Jan,Deportivo Toluca FC
Apertura,2,Sun Jul 28 2019,Pumas UNAM,2-0,Club Necaxa
Apertura,2,Sun Jul 28 2019,Atlético San Luis,1-0,CF Monterrey
Apertura,2,Sun Jul 28 2019,CD Guadalajara Chivas,2-0,Tigres UANL
Apertura,2,Sun Jul 28 2019,Santos Laguna,3-0,FC Juárez
Apertura,3,Fri Aug 2 2019,Club Puebla,01-Jan,CD Guadalajara Chivas
Apertura,3,Fri Aug 2 2019,Club Atlas,01-Feb,Santos Laguna
Apertura,3,Sat Aug 3 2019,Querétaro FC,3-0,Cruz Azul
Apertura,3,Sat Aug 3 2019,Club América,03-Jan,Club Tijuana
Apertura,3,Sat Aug 3 2019,CF Monterrey,03-Feb,Club León
Apertura,3,Sat Aug 3 2019,Club Necaxa,7-0,Tiburones Rojos Veracruz
Apertura,3,Sat Aug 3 2019,CF Pachuca,01-Feb,Monarcas Morelia
Apertura,3,Sun Aug 4 2019,Pumas UNAM,0-1,Tigres UANL
Apertura,3,Sun Aug 4 2019,FC Juárez,2-0,Deportivo Toluca FC
Apertura,4,Fri Aug 9 2019,Monarcas Morelia,0-1,CF Monterrey
Apertura,4,Fri Aug 9 2019,Tiburones Rojos Veracruz,01-Feb,Club Atlas
Apertura,4,Fri Aug 9 2019,Club Tijuana,1-0,Pumas UNAM
Apertura,4,Sat Aug 10 2019,CD Guadalajara Chivas,3-0,Atlético San Luis
Apertura,4,Sat Aug 10 2019,Cruz Azul,2-0,FC Juárez
Apertura,4,Sat Aug 10 2019,Tigres UANL,03-Jan,Club Necaxa
Apertura,4,Sat Aug 10 2019,Querétaro FC,02-Jan,CF Pachuca
Apertura,4,Sun Aug 11 2019,Santos Laguna,04-Jan,Club Puebla
Apertura,4,Sun Aug 11 2019,Deportivo Toluca FC,0-1,Club América
Apertura,5,Fri Aug 16 2019,Club Puebla,0-4,CF Pachuca
Apertura,5,Fri Aug 16 2019,Club Atlas,01-Mar,Cruz Azul
Apertura,5,Sat Aug 17 2019,Atlético San Luis,01-Jan,Tigres UANL
Apertura,5,Sat Aug 17 2019,Club León,04-Mar,CD Guadalajara Chivas
Apertura,5,Sat Aug 17 2019,CF Monterrey,2-0,Deportivo Toluca FC
Apertura,5,Sat Aug 17 2019,Club América,1-0,Monarcas Morelia
Apertura,5,Sun Aug 18 2019,Pumas UNAM,2-0,Tiburones Rojos Veracruz
Apertura,5,Sun Aug 18 2019,FC Juárez,0-2,Querétaro FC
Apertura,5,Sun Aug 18 2019,Club Necaxa,3-0,Santos Laguna
Apertura,6,Fri Aug 23 2019,Tiburones Rojos Veracruz,01-Feb,Atlético San Luis
Apertura,6,Fri Aug 23 2019,Monarcas Morelia,2-0,Pumas UNAM
Apertura,6,Fri Aug 23 2019,Santos Laguna,02-Jan,CF Monterrey
Apertura,6,Sat Aug 24 2019,Querétaro FC,0-4,Club León
Apertura,6,Sat Aug 24 2019,CF Pachuca,03-Jan,Club Atlas
Apertura,6,Sat Aug 24 2019,Cruz Azul,01-Jan,Club Puebla
Apertura,6,Sat Aug 24 2019,Tigres UANL,01-Jan,Club América
Apertura,6,Sun Aug 25 2019,Deportivo Toluca FC,2-0,Club Tijuana
Apertura,6,Sun Aug 25 2019,CD Guadalajara Chivas,01-Feb,Club Necaxa
Apertura,7,Tue Aug 27 2019,Tiburones Rojos Veracruz,0-5,Querétaro FC
Apertura,7,Tue Aug 27 2019,Atlético San Luis,01-Jan,Monarcas Morelia
Apertura,7,Tue Aug 27 2019,Club América,01-Jan,CF Pachuca
Apertura,7,Tue Aug 27 2019,Club Atlas,01-Jan,Tigres UANL
Apertura,7,Wed Aug 28 2019,Club León,02-Feb,Santos Laguna
Apertura,7,Wed Aug 28 2019,Club Necaxa,01-Jan,Deportivo Toluca FC
Apertura,7,Wed Aug 28 2019,Club Tijuana,03-Feb,Cruz Azul
Apertura,7,Thu Aug 29 2019,CF Monterrey,2-0,Pumas UNAM
Apertura,7,Thu Aug 29 2019,Club Puebla,02-Jan,FC Juárez
Apertura,8,Fri Aug 30 2019,Club Atlas,3-0,Club América
Apertura,8,Fri Aug 30 2019,Monarcas Morelia,1-0,Tiburones Rojos Veracruz
Apertura,8,Sat Aug 31 2019,Club Necaxa,03-Feb,Club Tijuana
Apertura,8,Sat Aug 31 2019,Cruz Azul,01-Jan,CD Guadalajara Chivas
Apertura,8,Sat Aug 31 2019,CF Pachuca,0-2,Atlético San Luis
Apertura,8,Sat Aug 31 2019,Tigres UANL,01-Jan,Club León
Apertura,8,Sun Sep 1 2019,Pumas UNAM,02-Jan,Deportivo Toluca FC
Apertura,8,Sun Sep 1 2019,Querétaro FC,01-Jan,Club Puebla
Apertura,8,Sun Sep 1 2019,FC Juárez,1-0,CF Monterrey
Apertura,9,Fri Sep 13 2019,Club Puebla,01-Mar,Atlético San Luis
Apertura,9,Fri Sep 13 2019,Club Tijuana,01-Jan,Tigres UANL
Apertura,9,Fri Sep 13 2019,Tiburones Rojos Veracruz,0-0,Cruz Azul
Apertura,9,Sat Sep 14 2019,CF Monterrey,0-2,Club Necaxa
Apertura,9,Sat Sep 14 2019,Club León,03-Jan,FC Juárez
Apertura,9,Sat Sep 14 2019,CD Guadalajara Chivas,1-0,Club Atlas
Apertura,9,Sat Sep 14 2019,Club América,01-Jan,Pumas UNAM
Apertura,9,Sun Sep 15 2019,Deportivo Toluca FC,0-2,Monarcas Morelia
Apertura,9,Sun Sep 15 2019,Santos Laguna,02-Feb,CF Pachuca
Apertura,10,Fri Sep 20 2019,Monarcas Morelia,1-0,CD Guadalajara Chivas
Apertura,10,Fri Sep 20 2019,Club Atlas,0-1,Deportivo Toluca FC
Apertura,10,Sat Sep 21 2019,Atlético San Luis,02-Mar,Santos Laguna
Apertura,10,Sat Sep 21 2019,Club Necaxa,02-Apr,Club León
Apertura,10,Sat Sep 21 2019,Club América,02-Feb,Querétaro FC
Apertura,10,Sat Sep 21 2019,CF Pachuca,04-Jan,Club Tijuana
Apertura,10,Sat Sep 21 2019,CF Monterrey,03-Feb,Club Puebla
Apertura,10,Sun Sep 22 2019,Pumas UNAM,01-Jan,Cruz Azul
Apertura,10,Sun Sep 22 2019,FC Juárez,2-0,Tiburones Rojos Veracruz
Apertura,11,Tue Sep 24 2019,Querétaro FC,01-Feb,Club Necaxa
Apertura,11,Tue Sep 24 2019,Tigres UANL,0-1,Club Puebla
Apertura,11,Tue Sep 24 2019,Club León,01-Jan,Club Atlas
Apertura,11,Tue Sep 24 2019,CD Guadalajara Chivas,02-Apr,CF Pachuca
Apertura,11,Wed Sep 25 2019,Club Tijuana,03-Feb,Monarcas Morelia
Apertura,11,Wed Sep 25 2019,Santos Laguna,5-0,Tiburones Rojos Veracruz
Apertura,11,Wed Sep 25 2019,Cruz Azul,01-Jan,CF Monterrey
Apertura,11,Wed Sep 25 2019,FC Juárez,01-Jan,Club América
Apertura,11,Thu Sep 26 2019,Deportivo Toluca FC,03-Jan,Atlético San Luis
Apertura,12,Fri Sep 27 2019,Club Puebla,02-Jan,Club León
Apertura,12,Fri Sep 27 2019,Club Atlas,2-0,Querétaro FC
Apertura,12,Sat Sep 28 2019,CF Pachuca,2-0,Cruz Azul
Apertura,12,Sat Sep 28 2019,Club Necaxa,0-0,FC Juárez
Apertura,12,Sat Sep 28 2019,CF Monterrey,0-2,Tigres UANL
Apertura,12,Sat Sep 28 2019,Club América,04-Jan,CD Guadalajara Chivas
Apertura,12,Sun Sep 29 2019,Pumas UNAM,2-0,Santos Laguna
Apertura,12,Sun Sep 29 2019,Atlético San Luis,02-Mar,Club Tijuana
Apertura,12,Sun Sep 29 2019,Tiburones Rojos Veracruz,01-Jan,Deportivo Toluca FC
Apertura,13,Fri Oct 4 2019,Monarcas Morelia,02-Mar,Club Necaxa
Apertura,13,Sat Oct 5 2019,Club Tijuana,02-Feb,Club Atlas
Apertura,13,Sat Oct 5 2019,Club León,01-Jan,Tiburones Rojos Veracruz
Apertura,13,Sat Oct 5 2019,Tigres UANL,4-0,Santos Laguna
Apertura,13,Sat Oct 5 2019,CD Guadalajara Chivas,01-Jan,Pumas UNAM
Apertura,13,Sat Oct 5 2019,Cruz Azul,05-Feb,Club América
Apertura,13,Sun Oct 6 2019,Deportivo Toluca FC,01-Jan,Club Puebla
Apertura,13,Sun Oct 6 2019,FC Juárez,01-Feb,Atlético San Luis
Apertura,13,Sun Oct 6 2019,Querétaro FC,02-Jan,CF Monterrey
Apertura,14,Fri Oct 18 2019,Club Puebla,0-1,Club Atlas
Apertura,14,Fri Oct 18 2019,Tiburones Rojos Veracruz,01-Mar,Tigres UANL
Apertura,14,Fri Oct 18 2019,Santos Laguna,04-Jan,Club Tijuana
Apertura,14,Sat Oct 19 2019,Cruz Azul,02-Mar,Monarcas Morelia
Apertura,14,Sat Oct 19 2019,CF Pachuca,0-1,FC Juárez
Apertura,14,Sat Oct 19 2019,Club Necaxa,02-Feb,Club América
Apertura,14,Sun Oct 20 2019,CF Monterrey,01-Jan,CD Guadalajara Chivas
Apertura,14,Sun Oct 20 2019,Atlético San Luis,0-2,Querétaro FC
Apertura,14,Sun Oct 20 2019,Pumas UNAM,01-Feb,Club León
Apertura,15,Fri Oct 25 2019,Monarcas Morelia,02-Feb,Santos Laguna
Apertura,15,Fri Oct 25 2019,Club Tijuana,2-0,Tiburones Rojos Veracruz
Apertura,15,Fri Oct 25 2019,Club Atlas,0-2,Club Necaxa
Apertura,15,Sat Oct 26 2019,Tigres UANL,01-Jan,Cruz Azul
Apertura,15,Sat Oct 26 2019,Club América,2-0,Club Puebla
Apertura,15,Sat Oct 26 2019,Club León,03-Feb,Atlético San Luis
Apertura,15,Sat Oct 26 2019,Querétaro FC,3-0,Pumas UNAM
Apertura,15,Sun Oct 27 2019,Deportivo Toluca FC,2-0,CF Pachuca
Apertura,15,Sun Oct 27 2019,FC Juárez,01-Feb,CD Guadalajara Chivas
Apertura,16,Tue Oct 29 2019,Santos Laguna,1-0,Querétaro FC
Apertura,16,Tue Oct 29 2019,Tiburones Rojos Veracruz,1-0,Club Puebla
Apertura,16,Tue Oct 29 2019,Atlético San Luis,0-1,Club América
Apertura,16,Tue Oct 29 2019,Pumas UNAM,05-Jan,Club Atlas
Apertura,16,Wed Oct 30 2019,CF Pachuca,02-Mar,CF Monterrey
Apertura,16,Wed Oct 30 2019,CD Guadalajara Chivas,0-1,Club Tijuana
Apertura,16,Wed Oct 30 2019,Tigres UANL,1-0,Deportivo Toluca FC
Apertura,16,Thu Oct 31 2019,Cruz Azul,1-0,Club León
Apertura,16,Thu Oct 31 2019,Monarcas Morelia,06-Jan,FC Juárez
Apertura,17,Fri Nov 1 2019,Club Puebla,01-Jan,Pumas UNAM
Apertura,17,Fri Nov 1 2019,Club Atlas,01-Feb,Atlético San Luis
Apertura,17,Sat Nov 2 2019,Querétaro FC,0-0,Tigres UANL
Apertura,17,Sat Nov 2 2019,Club América,01-Feb,Santos Laguna
Apertura,17,Sat Nov 2 2019,Club Necaxa,01-Feb,CF Pachuca
Apertura,17,Sat Nov 2 2019,CF Monterrey,01-Jan,Tiburones Rojos Veracruz
Apertura,17,Sun Nov 3 2019,Deportivo Toluca FC,01-Mar,CD Guadalajara Chivas
Apertura,17,Sun Nov 3 2019,Club León,01-Jan,Monarcas Morelia
Apertura,17,Sun Nov 3 2019,FC Juárez,3-0,Club Tijuana
Apertura,18,Fri Nov 8 2019,Monarcas Morelia,03-Feb,Club Puebla
Apertura,18,Fri Nov 8 2019,Tiburones Rojos Veracruz,0-5,Club América
Apertura,18,Fri Nov 8 2019,Club Tijuana,0-4,CF Monterrey
Apertura,18,Sat Nov 9 2019,Atlético San Luis,0-2,Club Necaxa
Apertura,18,Sat Nov 9 2019,Club León,4-0,Deportivo Toluca FC
Apertura,18,Sat Nov 9 2019,CD Guadalajara Chivas,03-Feb,Querétaro FC
Apertura,18,Sat Nov 9 2019,Tigres UANL,0-0,CF Pachuca
Apertura,18,Sun Nov 10 2019,Pumas UNAM,01-Jan,FC Juárez
Apertura,18,Sun Nov 10 2019,Santos Laguna,03-Jan,Cruz Azul
Apertura,19,Fri Nov 22 2019,Club Puebla,3-0,Club Necaxa
Apertura,19,Fri Nov 22 2019,Club Tijuana,01-Feb,Club León
Apertura,19,Sat Nov 23 2019,Cruz Azul,03-Jan,Atlético San Luis
Apertura,19,Sat Nov 23 2019,Querétaro FC,03-Jan,Monarcas Morelia
Apertura,19,Sat Nov 23 2019,CD Guadalajara Chivas,03-Jan,Tiburones Rojos Veracruz
Apertura,19,Sat Nov 23 2019,CF Pachuca,2-0,Pumas UNAM
Apertura,19,Sat Nov 23 2019,CF Monterrey,2-0,Club Atlas
Apertura,19,Sun Nov 24 2019,FC Juárez,01-Feb,Tigres UANL
Apertura,19,Sun Nov 24 2019,Deportivo Toluca FC,02-Feb,Santos Laguna
Apertura - Liguilla,Cuartos de Final,Wed Nov 27 2019,Monarcas Morelia,03-Mar,Club León
Apertura - Liguilla,Cuartos de Final,Wed Nov 27 2019,Club Necaxa,3-0,Querétaro FC
Apertura - Liguilla,Cuartos de Final,Thu Nov 28 2019,Club América,01-Feb,Tigres UANL
Apertura - Liguilla,Cuartos de Final,Thu Nov 28 2019,CF Monterrey,05-Feb,Santos Laguna
Apertura - Liguilla,Cuartos de Final,Sat Nov 30 2019,Querétaro FC,02-Mar,Club Necaxa
Apertura - Liguilla,Cuartos de Final,Sat Nov 30 2019,Club León,01-Feb,Monarcas Morelia
Apertura - Liguilla,Cuartos de Final,Sun Dec 1 2019,Santos Laguna,01-Jan,CF Monterrey
Apertura - Liguilla,Cuartos de Final,Sun Dec 1 2019,Tigres UANL,02-Apr,Club América
Apertura - Liguilla,Semifinales,Wed Dec 4 2019,CF Monterrey,02-Jan,Club Necaxa
Apertura - Liguilla,Semifinales,Sat Dec 7 2019,Club Necaxa,0-1,CF Monterrey
Apertura - Liguilla,Semifinales,Sun Dec 8 2019,Monarcas Morelia,0-2,Club América
Apertura - Liguilla,Semifinales,Sun Dec 8 2019,Club América,2-0,Monarcas Morelia
Apertura - Liguilla,Final,Thu Dec 26 2019,CF Monterrey,02-Jan,Club América
Apertura - Liguilla,Final,Sun Dec 29 2019,Club América,02-Jan,CF Monterrey
Clausura,1,Fri Jan 10 2020,Monarcas Morelia,0-1,Deportivo Toluca FC
Clausura,1,Fri Jan 10 2020,Club Tijuana,02-Jan,Santos Laguna
Clausura,1,Sat Jan 11 2020,Cruz Azul,01-Feb,Club Atlas
Clausura,1,Sat Jan 11 2020,CD Guadalajara Chivas,2-0,FC Juárez
Clausura,1,Sat Jan 11 2020,Club León,03-Jan,Querétaro FC
Clausura,1,Sat Jan 11 2020,Tigres UANL,0-0,Atlético San Luis
Clausura,1,Sun Jan 12 2020,Pumas UNAM,02-Jan,CF Pachuca
Clausura,2,Thu Jan 16 2020,FC Juárez,04-Apr,Pumas UNAM
Clausura,2,Fri Jan 17 2020,Club Atlas,0-1,Club Puebla
Clausura,2,Fri Jan 17 2020,Atlético San Luis,02-Jan,Cruz Azul
Clausura,2,Sat Jan 18 2020,CF Pachuca,0-0,CD Guadalajara Chivas
Clausura,2,Sat Jan 18 2020,CF Monterrey,02-Feb,Monarcas Morelia
Clausura,2,Sat Jan 18 2020,Club América,1-0,Tigres UANL
Clausura,2,Sun Jan 19 2020,Santos Laguna,03-Feb,Club León
Clausura,2,Sun Jan 19 2020,Querétaro FC,3-0,Club Tijuana
Clausura,2,Sun Jan 19 2020,Deportivo Toluca FC,02-Mar,Club Necaxa
Clausura,3,Fri Jan 24 2020,Club Puebla,0-1,Querétaro FC
Clausura,3,Fri Jan 24 2020,Club Tijuana,0-0,Club América
Clausura,3,Sat Jan 25 2020,CD Guadalajara Chivas,02-Feb,Deportivo Toluca FC
Clausura,3,Sat Jan 25 2020,Club León,3-0,CF Pachuca
Clausura,3,Sat Jan 25 2020,Tigres UANL,02-Jan,Club Atlas
Clausura,3,Sat Jan 25 2020,Cruz Azul,3-0,Santos Laguna
Clausura,3,Sun Jan 26 2020,FC Juárez,3-0,Monarcas Morelia
Clausura,3,Sun Jan 26 2020,Pumas UNAM,1-0,CF Monterrey
Clausura,3,Sun Jan 26 2020,Club Necaxa,01-Jan,Atlético San Luis
Clausura,4,Fri Jan 31 2020,Club Atlas,02-Jan,Club Tijuana
Clausura,4,Fri Jan 31 2020,Atlético San Luis,02-Feb,CD Guadalajara Chivas
Clausura,4,Sat Feb 1 2020,Santos Laguna,01-Jan,Pumas UNAM
Clausura,4,Sat Feb 1 2020,Club América,01-Mar,FC Juárez
Clausura,4,Sat Feb 1 2020,Monarcas Morelia,01-Feb,Club León
Clausura,4,Sat Feb 1 2020,CF Monterrey,01-Feb,Querétaro FC
Clausura,4,Sat Feb 1 2020,CF Pachuca,2-0,Tigres UANL
Clausura,4,Sat Feb 1 2020,Club Necaxa,2-0,Club Puebla
Clausura,4,Sun Feb 2 2020,Deportivo Toluca FC,03-Mar,Cruz Azul
Clausura,1,Tue Feb 4 2020,Club Puebla,0-1,Club América
Clausura,1,Wed Feb 5 2020,Club Necaxa,02-Feb,CF Monterrey
Clausura,5,Thu Feb 6 2020,Club Atlas,01-Mar,Monarcas Morelia
Clausura,5,Fri Feb 7 2020,Club Puebla,02-Feb,Santos Laguna
Clausura,5,Fri Feb 7 2020,Club Tijuana,01-Jan,Deportivo Toluca FC
Clausura,5,Sat Feb 8 2020,Club León,03-Jan,CF Monterrey
Clausura,5,Sat Feb 8 2020,Tigres UANL,3-0,CD Guadalajara Chivas
Clausura,5,Sat Feb 8 2020,Cruz Azul,03-Jan,CF Pachuca
Clausura,5,Sun Feb 9 2020,Pumas UNAM,4-0,Atlético San Luis
Clausura,5,Sun Feb 9 2020,Querétaro FC,01-Feb,Club América
Clausura,5,Sun Feb 9 2020,FC Juárez,02-Jan,Club Necaxa
Clausura,6,Fri Feb 14 2020,Atlético San Luis,03-Jan,Club León
Clausura,6,Fri Feb 14 2020,Monarcas Morelia,01-Jan,Club Tijuana
Clausura,6,Sat Feb 15 2020,CF Pachuca,1-0,Club Puebla
Clausura,6,Sat Feb 15 2020,CD Guadalajara Chivas,01-Feb,Cruz Azul
Clausura,6,Sat Feb 15 2020,Club América,2-0,Club Atlas
Clausura,6,Sat Feb 15 2020,CF Monterrey,01-Jan,FC Juárez
Clausura,6,Sat Feb 15 2020,Deportivo Toluca FC,02-Mar,Pumas UNAM
Clausura,6,Sun Feb 16 2020,Club Necaxa,02-Mar,Querétaro FC
Clausura,6,Sun Feb 16 2020,Santos Laguna,02-Jan,Tigres UANL
Clausura,7,Fri Feb 21 2020,Club Atlas,0-2,CF Pachuca
Clausura,7,Fri Feb 21 2020,Club Tijuana,0-1,CD Guadalajara Chivas
Clausura,7,Fri Feb 21 2020,Club Puebla,2-0,Deportivo Toluca FC
Clausura,7,Sat Feb 22 2020,CF Monterrey,0-1,Club América
Clausura,7,Sat Feb 22 2020,Cruz Azul,02-Jan,Tigres UANL
Clausura,7,Sat Feb 22 2020,Club León,02-Jan,Club Necaxa
Clausura,7,Sun Feb 23 2020,FC Juárez,01-Feb,Santos Laguna
Clausura,7,Sun Feb 23 2020,Querétaro FC,0-1,Atlético San Luis
Clausura,7,Sun Feb 23 2020,Pumas UNAM,01-Feb,Monarcas Morelia
Clausura,8,Fri Feb 28 2020,Atlético San Luis,0-3,FC Juárez
Clausura,8,Fri Feb 28 2020,Deportivo Toluca FC,2-0,CF Monterrey
Clausura,8,Fri Feb 28 2020,Monarcas Morelia,02-Apr,Cruz Azul
Clausura,8,Fri Feb 28 2020,Club Tijuana,0-1,Club Puebla
Clausura,8,Sat Feb 29 2020,CF Pachuca,01-Jan,Querétaro FC
Clausura,8,Sat Feb 29 2020,Club América,0-3,Club Necaxa
Clausura,8,Sat Feb 29 2020,Tigres UANL,3-0,Pumas UNAM
Clausura,8,Sun Mar 1 2020,CD Guadalajara Chivas,2-0,Club León
Clausura,8,Sun Mar 1 2020,Santos Laguna,1-0,Club Atlas
Clausura,9,Fri Mar 6 2020,Querétaro FC,01-Jan,Deportivo Toluca FC
Clausura,9,Fri Mar 6 2020,Pumas UNAM,03-Mar,Club América
Clausura,9,Fri Mar 6 2020,Club Puebla,0-0,Tigres UANL
Clausura,9,Sat Mar 7 2020,CF Monterrey,02-Feb,Atlético San Luis
Clausura,9,Sat Mar 7 2020,Cruz Azul,04-Feb,Club Tijuana
Clausura,9,Sat Mar 7 2020,CF Pachuca,1-0,Santos Laguna
Clausura,9,Sat Mar 7 2020,Club Atlas,01-Feb,CD Guadalajara Chivas
Clausura,9,Sun Mar 8 2020,Club Necaxa,01-Feb,Monarcas Morelia
Clausura,9,Sun Mar 8 2020,FC Juárez,01-Apr,Club León
Clausura,10,Fri Mar 13 2020,Monarcas Morelia,4-0,Querétaro FC
Clausura,10,Fri Mar 13 2020,Club Tijuana,03-Feb,CF Pachuca
Clausura,10,Sat Mar 14 2020,CD Guadalajara Chivas,01-Jan,CF Monterrey
Clausura,10,Sat Mar 14 2020,Tigres UANL,03-Feb,FC Juárez
Clausura,10,Sat Mar 14 2020,Club León,03-Jan,Pumas UNAM
Clausura,10,Sat Mar 14 2020,Atlético San Luis,0-1,Club Puebla
Clausura,10,Sun Mar 15 2020,Deportivo Toluca FC,02-Mar,Club Atlas
Clausura,10,Sun Mar 15 2020,Santos Laguna,02-Jan,Club Necaxa
Clausura,10,Sun Mar 15 2020,Club América,0-1,Cruz Azul
Clausura,11,Sat Mar 21 2020,Monarcas Morelia,,Atlético San Luis
Clausura,11,Sun Mar 22 2020,Club Puebla,,Cruz Azul
Clausura,11,Sun Mar 22 2020,Pumas UNAM,,Club Tijuana
Clausura,11,Sun Mar 22 2020,Club América,,Club León
Clausura,11,Sun Mar 22 2020,CF Pachuca,,Deportivo Toluca FC
Clausura,11,Sun Mar 22 2020,Club Necaxa,,Tigres UANL
Clausura,11,Sun Mar 22 2020,CF Monterrey,,Santos Laguna
Clausura,11,Mon Mar 23 2020,Querétaro FC,,CD Guadalajara Chivas
Clausura,11,Mon Mar 23 2020,FC Juárez,,Club Atlas
Clausura,12,Sat Apr 4 2020,Atlético San Luis,,CF Pachuca
Clausura,12,Sat Apr 4 2020,Club Atlas,,CF Monterrey
Clausura,12,Sun Apr 5 2020,Cruz Azul,,Pumas UNAM
Clausura,12,Sun Apr 5 2020,Tigres UANL,,Querétaro FC
Clausura,12,Sun Apr 5 2020,Club León,,Club Puebla
Clausura,12,Sun Apr 5 2020,CD Guadalajara Chivas,,Monarcas Morelia
Clausura,12,Sun Apr 5 2020,Deportivo Toluca FC,,FC Juárez
Clausura,12,Mon Apr 6 2020,Santos Laguna,,Club América
Clausura,12,Mon Apr 6 2020,Club Tijuana,,Club Necaxa
Clausura,13,Sat Apr 11 2020,Atlético San Luis,,Club Atlas
Clausura,13,Sat Apr 11 2020,Monarcas Morelia,,Tigres UANL
Clausura,13,Sun Apr 12 2020,Club América,,Deportivo Toluca FC
Clausura,13,Sun Apr 12 2020,Pumas UNAM,,Club Puebla
Clausura,13,Sun Apr 12 2020,Club Necaxa,,CD Guadalajara Chivas
Clausura,13,Sun Apr 12 2020,CF Monterrey,,Club Tijuana
Clausura,13,Sun Apr 12 2020,Club León,,Cruz Azul
Clausura,13,Mon Apr 13 2020,Querétaro FC,,Santos Laguna
Clausura,13,Mon Apr 13 2020,FC Juárez,,CF Pachuca
Clausura,14,Fri Apr 17 2020,Club Tijuana,,FC Juárez
Clausura,14,Sat Apr 18 2020,Club Puebla,,Monarcas Morelia
Clausura,14,Sat Apr 18 2020,Club Atlas,,Pumas UNAM
Clausura,14,Sun Apr 19 2020,Deportivo Toluca FC,,Club León
Clausura,14,Sun Apr 19 2020,CF Pachuca,,Club Necaxa
Clausura,14,Sun Apr 19 2020,Tigres UANL,,CF Monterrey
Clausura,14,Sun Apr 19 2020,Cruz Azul,,Querétaro FC
Clausura,14,Mon Apr 20 2020,CD Guadalajara Chivas,,Club América
Clausura,14,Mon Apr 20 2020,Santos Laguna,,Atlético San Luis
Clausura,15,Sat Apr 25 2020,Querétaro FC,,Club Atlas
Clausura,15,Sat Apr 25 2020,Monarcas Morelia,,CF Pachuca
Clausura,15,Sun Apr 26 2020,CF Monterrey,,Cruz Azul
Clausura,15,Sun Apr 26 2020,Club América,,Atlético San Luis
Clausura,15,Sun Apr 26 2020,Deportivo Toluca FC,,Tigres UANL
Clausura,15,Sun Apr 26 2020,CD Guadalajara Chivas,,Santos Laguna
Clausura,15,Sun Apr 26 2020,Club León,,Club Tijuana
Clausura,15,Mon Apr 27 2020,Club Necaxa,,Pumas UNAM
Clausura,15,Mon Apr 27 2020,FC Juárez,,Club Puebla
Clausura,16,Fri May 1 2020,Atlético San Luis,,Deportivo Toluca FC
Clausura,16,Sat May 2 2020,Club Puebla,,CF Monterrey
Clausura,16,Sat May 2 2020,Club Atlas,,Club León
Clausura,16,Sun May 3 2020,Cruz Azul,,Club Necaxa
Clausura,16,Sun May 3 2020,Tigres UANL,,Club Tijuana
Clausura,16,Sun May 3 2020,Querétaro FC,,FC Juárez
Clausura,16,Sun May 3 2020,Pumas UNAM,,CD Guadalajara Chivas
Clausura,16,Sun May 3 2020,CF Pachuca,,Club América
Clausura,16,Mon May 4 2020,Santos Laguna,,Monarcas Morelia
Clausura,17,Sat May 9 2020,Club Tijuana,,Atlético San Luis
Clausura,17,Sat May 9 2020,Santos Laguna,,Deportivo Toluca FC
Clausura,17,Sun May 10 2020,Club León,,Tigres UANL
Clausura,17,Sun May 10 2020,Club Necaxa,,Club Atlas
Clausura,17,Sun May 10 2020,CF Monterrey,,CF Pachuca
Clausura,17,Sun May 10 2020,CD Guadalajara Chivas,,Club Puebla
Clausura,17,Sun May 10 2020,Pumas UNAM,,Querétaro FC
Clausura,17,Mon May 11 2020,FC Juárez,,Cruz Azul
Clausura,17,Mon May 11 2020,Monarcas Morelia,,Club América
Apertura,1,Fri Jul 24 2020,Club Necaxa,0-3,Tigres UANL
Apertura,1,Sat Jul 25 2020,CD Guadalajara Chivas,0-0,Club León
Apertura,1,Sat Jul 25 2020,Club Tijuana,03-Jan,Club Atlas
Apertura,1,Sat Jul 25 2020,Cruz Azul,2-0,Santos Laguna
Apertura,1,Sun Jul 26 2020,Pumas UNAM,03-Feb,Querétaro FC
Apertura,1,Mon Jul 27 2020,Mazatlán FC,01-Apr,Club Puebla
Apertura,1,Mon Jul 27 2020,CF Pachuca,01-Feb,Club América
Apertura,1,Mon Jul 27 2020,Atlético San Luis,01-Jan,FC Juárez
Apertura,1,Tue Jul 28 2020,CF Monterrey,03-Jan,Deportivo Toluca FC
Apertura,2,Fri Jul 31 2020,Club Puebla,01-Jan,Cruz Azul
Apertura,2,Fri Jul 31 2020,FC Juárez,1-0,Club Necaxa
Apertura,2,Sat Aug 1 2020,Tigres UANL,01-Jan,CF Pachuca
Apertura,2,Sat Aug 1 2020,Club América,4-0,Club Tijuana
Apertura,2,Sun Aug 2 2020,Deportivo Toluca FC,03-Feb,Atlético San Luis
Apertura,2,Sun Aug 2 2020,Santos Laguna,2-0,CD Guadalajara Chivas
Apertura,2,Sun Aug 2 2020,Querétaro FC,01-Jan,Mazatlán FC
Apertura,2,Mon Aug 3 2020,Club León,1-0,CF Monterrey
Apertura,2,Mon Aug 3 2020,Club Atlas,01-Feb,Pumas UNAM
Apertura,3,Thu Aug 6 2020,CF Pachuca,1-0,Querétaro FC
Apertura,3,Thu Aug 6 2020,Club Tijuana,0-0,Tigres UANL
Apertura,3,Fri Aug 7 2020,Mazatlán FC,02-Jan,Deportivo Toluca FC
Apertura,3,Fri Aug 7 2020,Club Necaxa,01-Jan,Club América
Apertura,3,Sat Aug 8 2020,Cruz Azul,2-0,Club León
Apertura,3,Sat Aug 8 2020,CF Monterrey,02-Feb,Santos Laguna
Apertura,3,Sat Aug 8 2020,CD Guadalajara Chivas,0-1,Club Puebla
Apertura,3,Sun Aug 9 2020,Atlético San Luis,01-Jan,Club Atlas
Apertura,3,Sun Aug 9 2020,Pumas UNAM,01-Jan,FC Juárez
Apertura,4,Tue Aug 11 2020,Tigres UANL,02-Jan,Club Puebla
Apertura,4,Tue Aug 11 2020,CF Pachuca,0-1,Club León
Apertura,4,Tue Aug 11 2020,Club Necaxa,1-0,Mazatlán FC
Apertura,4,Wed Aug 12 2020,Querétaro FC,1-0,Cruz Azul
Apertura,4,Wed Aug 12 2020,Club Tijuana,0-2,Atlético San Luis
Apertura,4,Wed Aug 12 2020,Pumas UNAM,01-Jan,CF Monterrey
Apertura,4,Wed Aug 12 2020,FC Juárez,0-2,CD Guadalajara Chivas
Apertura,4,Thu Aug 13 2020,Club Atlas,01-Feb,Deportivo Toluca FC
Apertura,4,Thu Aug 13 2020,Club América,03-Jan,Santos Laguna
Apertura,5,Fri Aug 14 2020,Club Puebla,0-1,CF Pachuca
Apertura,5,Sat Aug 15 2020,CD Guadalajara Chivas,02-Jan,Atlético San Luis
Apertura,5,Sat Aug 15 2020,CF Monterrey,01-Jan,Club Necaxa
Apertura,5,Sat Aug 15 2020,Mazatlán FC,0-0,Pumas UNAM
Apertura,5,Sat Aug 15 2020,Cruz Azul,03-Feb,FC Juárez
Apertura,5,Sun Aug 16 2020,Deportivo Toluca FC,03-Feb,Tigres UANL
Apertura,5,Sun Aug 16 2020,Santos Laguna,0-0,Club Atlas
Apertura,5,Sun Aug 16 2020,Querétaro FC,04-Jan,Club América
Apertura,5,Mon Aug 17 2020,Club León,02-Jan,Club Tijuana
Apertura,6,Fri Aug 21 2020,FC Juárez,0-0,Club León
Apertura,6,Fri Aug 21 2020,Club Necaxa,02-Jan,Santos Laguna
Apertura,6,Sat Aug 22 2020,Club Atlas,1-0,Querétaro FC
Apertura,6,Sat Aug 22 2020,Tigres UANL,01-Jan,Pumas UNAM
Apertura,6,Sat Aug 22 2020,Club América,01-Mar,CF Monterrey
Apertura,6,Sun Aug 23 2020,Deportivo Toluca FC,1-0,CD Guadalajara Chivas
Apertura,6,Sun Aug 23 2020,Atlético San Luis,01-Mar,Cruz Azul
Apertura,6,Sun Aug 23 2020,Club Tijuana,1-0,Club Puebla
Apertura,6,Mon Aug 24 2020,CF Pachuca,04-Mar,Mazatlán FC
Apertura,7,Fri Aug 28 2020,Mazatlán FC,01-Jan,Tigres UANL
Apertura,7,Fri Aug 28 2020,Club Puebla,04-Jan,Deportivo Toluca FC
Apertura,7,Sat Aug 29 2020,Atlético San Luis,01-Feb,Club América
Apertura,7,Sat Aug 29 2020,CD Guadalajara Chivas,0-0,CF Pachuca
Apertura,7,Sat Aug 29 2020,Cruz Azul,3-0,Club Necaxa
Apertura,7,Sun Aug 30 2020,Pumas UNAM,3-0,Club Tijuana
Apertura,7,Sun Aug 30 2020,Santos Laguna,02-Jan,Querétaro FC
Apertura,7,Sun Aug 30 2020,CF Monterrey,02-Jan,FC Juárez
Apertura,7,Mon Aug 31 2020,Club León,02-Jan,Club Atlas
Apertura,8,Wed Sep 2 2020,Club América,03-Jan,Mazatlán FC
Apertura,8,Thu Sep 3 2020,Querétaro FC,04-Jan,Deportivo Toluca FC
Apertura,8,Thu Sep 3 2020,CF Pachuca,03-Jan,Atlético San Luis
Apertura,8,Fri Sep 4 2020,Club Necaxa,0-2,Club León
Apertura,8,Fri Sep 4 2020,FC Juárez,01-Jan,Santos Laguna
Apertura,8,Fri Sep 4 2020,Club Tijuana,02-Jan,CF Monterrey
Apertura,8,Sat Sep 5 2020,Pumas UNAM,04-Jan,Club Puebla
Apertura,8,Sat Sep 5 2020,Club Atlas,1-0,Cruz Azul
Apertura,8,Sat Sep 5 2020,Tigres UANL,01-Mar,CD Guadalajara Chivas
Apertura,9,Tue Sep 8 2020,Atlético San Luis,02-Jan,Club Necaxa
Apertura,9,Tue Sep 8 2020,Deportivo Toluca FC,0-1,FC Juárez
Apertura,9,Tue Sep 8 2020,CF Monterrey,01-Jan,Club Atlas
Apertura,9,Tue Sep 8 2020,CD Guadalajara Chivas,01-Jan,Querétaro FC
Apertura,9,Tue Sep 8 2020,Club Puebla,02-Mar,Club América
Apertura,9,Wed Sep 9 2020,Club León,01-Jan,Tigres UANL
Apertura,9,Wed Sep 9 2020,Cruz Azul,1-0,CF Pachuca
Apertura,9,Wed Sep 9 2020,Santos Laguna,01-Feb,Pumas UNAM
Apertura,9,Wed Sep 9 2020,Mazatlán FC,1-0,Club Tijuana
Apertura,10,Fri Sep 11 2020,Club Necaxa,01-Feb,CD Guadalajara Chivas
Apertura,10,Fri Sep 11 2020,FC Juárez,1-0,Club Puebla
Apertura,10,Sat Sep 12 2020,Club Atlas,01-Jan,Mazatlán FC
Apertura,10,Sat Sep 12 2020,Tigres UANL,2-0,Santos Laguna
Apertura,10,Sat Sep 12 2020,Club América,01-Jan,Deportivo Toluca FC
Apertura,10,Sun Sep 13 2020,Club Tijuana,01-Feb,Cruz Azul
Apertura,10,Sun Sep 13 2020,Querétaro FC,02-Mar,Club León
Apertura,10,Sun Sep 13 2020,Pumas UNAM,3-0,Atlético San Luis
Apertura,10,Mon Sep 14 2020,CF Pachuca,01-Jan,CF Monterrey
Apertura,11,Fri Sep 18 2020,Club Necaxa,0-1,Club Puebla
Apertura,11,Fri Sep 18 2020,Mazatlán FC,02-Mar,Cruz Azul
Apertura,11,Sat Sep 19 2020,Club América,1-0,CD Guadalajara Chivas
Apertura,11,Sat Sep 19 2020,Tigres UANL,3-0,Querétaro FC
Apertura,11,Sat Sep 19 2020,Club Atlas,0-1,CF Pachuca
Apertura,11,Sun Sep 20 2020,Deportivo Toluca FC,01-Feb,Santos Laguna
Apertura,11,Sun Sep 20 2020,Atlético San Luis,01-Feb,CF Monterrey
Apertura,11,Mon Sep 21 2020,Club León,2-0,Pumas UNAM
Apertura,12,Thu Sep 24 2020,CF Pachuca,0-0,Deportivo Toluca FC
Apertura,12,Fri Sep 25 2020,Club Puebla,03-Mar,Querétaro FC
Apertura,12,Fri Sep 25 2020,FC Juárez,0-1,Club Atlas
Apertura,12,Sat Sep 26 2020,CF Monterrey,0-2,Tigres UANL
Apertura,12,Sat Sep 26 2020,CD Guadalajara Chivas,02-Jan,Mazatlán FC
Apertura,12,Sat Sep 26 2020,Pumas UNAM,01-Jan,Club Necaxa
Apertura,12,Sun Sep 27 2020,Atlético San Luis,0-2,Club León
Apertura,12,Sun Sep 27 2020,Cruz Azul,0-0,Club América
Apertura,11,Wed Sep 30 2020,Club Tijuana,02-Jan,FC Juárez
Apertura,13,Fri Oct 2 2020,Club León,02-Jan,Mazatlán FC
Apertura,13,Fri Oct 2 2020,Club Puebla,0-2,Santos Laguna
Apertura,13,Sat Oct 3 2020,Club América,02-Feb,Pumas UNAM
Apertura,13,Sat Oct 3 2020,Tigres UANL,3-0,Atlético San Luis
Apertura,13,Sat Oct 3 2020,Club Atlas,0-1,Club Necaxa
Apertura,13,Sun Oct 4 2020,Club Tijuana,0-0,CD Guadalajara Chivas
Apertura,13,Sun Oct 4 2020,Deportivo Toluca FC,2-0,Cruz Azul
Apertura,13,Sun Oct 4 2020,FC Juárez,01-Jan,CF Pachuca
Apertura,13,Sun Oct 4 2020,Querétaro FC,01-Feb,CF Monterrey
Apertura,12,Sun Oct 11 2020,Santos Laguna,2-0,Club Tijuana
Apertura,14,Thu Oct 15 2020,Atlético San Luis,02-Jan,Querétaro FC
Apertura,14,Fri Oct 16 2020,Club Necaxa,2-0,Club Tijuana
Apertura,14,Fri Oct 16 2020,Mazatlán FC,03-Feb,FC Juárez
Apertura,14,Sat Oct 17 2020,Cruz Azul,0-2,Tigres UANL
Apertura,14,Sat Oct 17 2020,CD Guadalajara Chivas,03-Feb,Club Atlas
Apertura,14,Sat Oct 17 2020,CF Monterrey,03-Jan,Club Puebla
Apertura,14,Sun Oct 18 2020,Pumas UNAM,1-0,Deportivo Toluca FC
Apertura,14,Sun Oct 18 2020,Santos Laguna,01-Jan,CF Pachuca
Apertura,14,Mon Oct 19 2020,Club León,03-Feb,Club América
Apertura,15,Fri Oct 23 2020,Club Puebla,01-Feb,Club León
Apertura,15,Sat Oct 24 2020,Querétaro FC,0-1,Club Necaxa
Apertura,15,Sat Oct 24 2020,Tigres UANL,01-Jan,FC Juárez
Apertura,15,Sat Oct 24 2020,Mazatlán FC,01-Feb,CF Monterrey
Apertura,15,Sat Oct 24 2020,Club América,1-0,Club Atlas
Apertura,15,Sun Oct 25 2020,Deportivo Toluca FC,,Club Tijuana
Apertura,15,Sun Oct 25 2020,CD Guadalajara Chivas,,Cruz Azul
Apertura,15,Sun Oct 25 2020,Santos Laguna,,Atlético San Luis
Apertura,15,Mon Oct 26 2020,CF Pachuca,,Pumas UNAM
Apertura,16,Thu Oct 29 2020,Atlético San Luis,,Mazatlán FC
Apertura,16,Fri Oct 30 2020,Club Necaxa,,Deportivo Toluca FC
Apertura,16,Fri Oct 30 2020,Club Tijuana,,CF Pachuca
Apertura,16,Fri Oct 30 2020,FC Juárez,,Querétaro FC
Apertura,16,Sat Oct 31 2020,Club Atlas,,Club Puebla
Apertura,16,Sat Oct 31 2020,CF Monterrey,,Cruz Azul
Apertura,16,Sat Oct 31 2020,Pumas UNAM,,CD Guadalajara Chivas
Apertura,16,Sun Nov 1 2020,Club América,,Tigres UANL
Apertura,16,Mon Nov 2 2020,Club León,,Santos Laguna
Apertura,17,Fri Nov 6 2020,FC Juárez,,Club América
Apertura,17,Fri Nov 6 2020,Club Puebla,,Atlético San Luis
Apertura,17,Sat Nov 7 2020,CD Guadalajara Chivas,,CF Monterrey
Apertura,17,Sat Nov 7 2020,Tigres UANL,,Club Atlas
Apertura,17,Sat Nov 7 2020,Cruz Azul,,Pumas UNAM
Apertura,17,Sun Nov 8 2020,Querétaro FC,,Club Tijuana
Apertura,17,Sun Nov 8 2020,Santos Laguna,,Mazatlán FC
Apertura,17,Sun Nov 8 2020,Deportivo Toluca FC,,Club León
Apertura,17,Mon Nov 9 2020,CF Pachuca,,Club Necaxa
